[{"inputs":[{"internalType":"contract IMasterChef","name":"chef_","type":"address"},{"internalType":"address","name":"maker_","type":"address"},{"internalType":"contract IERC20","name":"sushi_","type":"address"},{"internalType":"contract IERC20","name":"WETH_","type":"address"},{"internalType":"contract IERC20","name":"WBTC_","type":"address"},{"internalType":"contract IFactory","name":"sushiFactory_","type":"address"},{"internalType":"contract IFactory","name":"uniV2Factory_","type":"address"},{"internalType":"contract IERC20","name":"bar_","type":"address"},{"internalType":"contract IBentoBox","name":"bentoBox_","type":"address"}],"stateMutability":"nonpayable","type":"constructor"},{"inputs":[],"name":"WBTC","outputs":[{"internalType":"contract IERC20","name":"","type":"address"}],"stateMutability":"view","type":"function"},{"inputs":[],"name":"WETH","outputs":[{"internalType":"contract IERC20","name":"","type":"address"}],"stateMutability":"view","type":"function"},{"inputs":[],"name":"bar","outputs":[{"internalType":"contract IERC20","name":"","type":"address"}],"stateMutability":"view","type":"function"},{"inputs":[],"name":"bentoBox","outputs":[{"internalType":"contract IBentoBox","name":"","type":"address"}],"stateMutability":"view","type":"function"},{"inputs":[],"name":"chef","outputs":[{"internalType":"contract IMasterChef","name":"","type":"address"}],"stateMutability":"view","type":"function"},{"inputs":[{"internalType":"address","name":"who","type":"address"},{"internalType":"address[]","name":"addresses","type":"address[]"}],"name":"findBalances","outputs":[{"components":[{"internalType":"contract IERC20","name":"token","type":"address"},{"internalType":"uint256","name":"balance","type":"uint256"},{"internalType":"uint256","name":"bentoBalance","type":"uint256"}],"internalType":"struct BoringHelperV1.Balance[]","name":"","type":"tuple[]"}],"stateMutability":"view","type":"function"},{"inputs":[{"internalType":"address","name":"who","type":"address"},{"internalType":"uint256[]","name":"pids","type":"uint256[]"}],"name":"findPools","outputs":[{"components":[{"internalType":"uint256","name":"pid","type":"uint256"},{"internalType":"uint256","name":"balance","type":"uint256"}],"internalType":"struct BoringHelperV1.PoolFound[]","name":"","type":"tuple[]"}],"stateMutability":"view","type":"function"},{"inputs":[{"internalType":"address","name":"who","type":"address"},{"internalType":"contract IERC20[]","name":"addresses","type":"address[]"}],"name":"getBalances","outputs":[{"components":[{"internalType":"contract IERC20","name":"token","type":"address"},{"internalType":"uint256","name":"totalSupply","type":"uint256"},{"internalType":"uint256","name":"balance","type":"uint256"},{"internalType":"uint256","name":"bentoBalance","type":"uint256"},{"internalType":"uint256","name":"bentoAllowance","type":"uint256"},{"internalType":"uint256","name":"nonce","type":"uint256"},{"internalType":"uint128","name":"bentoAmount","type":"uint128"},{"internalType":"uint128","name":"bentoShare","type":"uint128"},{"internalType":"uint256","name":"rate","type":"uint256"}],"internalType":"struct BoringHelperV1.BalanceFull[]","name":"","type":"tuple[]"}],"stateMutability":"view","type":"function"},{"inputs":[{"internalType":"contract IERC20","name":"token","type":"address"}],"name":"getETHRate","outputs":[{"internalType":"uint256","name":"","type":"uint256"}],"stateMutability":"view","type":"function"},{"inputs":[{"internalType":"contract IFactory","name":"factory","type":"address"},{"internalType":"uint256","name":"fromID","type":"uint256"},{"internalType":"uint256","name":"toID","type":"uint256"}],"name":"getPairs","outputs":[{"components":[{"internalType":"contract IPair","name":"token","type":"address"},{"internalType":"contract IERC20","name":"token0","type":"address"},{"internalType":"contract IERC20","name":"token1","type":"address"},{"internalType":"uint256","name":"totalSupply","type":"uint256"}],"internalType":"struct BoringHelperV1.PairBase[]","name":"","type":"tuple[]"}],"stateMutability":"view","type":"function"},{"inputs":[{"internalType":"uint256[]","name":"pids","type":"uint256[]"}],"name":"getPools","outputs":[{"components":[{"internalType":"uint256","name":"totalAllocPoint","type":"uint256"},{"internalType":"uint256","name":"poolLength","type":"uint256"}],"internalType":"struct BoringHelperV1.PoolsInfo","name":"","type":"tuple"},{"components":[{"internalType":"uint256","name":"pid","type":"uint256"},{"internalType":"contract IPair","name":"lpToken","type":"address"},{"internalType":"uint256","name":"allocPoint","type":"uint256"},{"internalType":"bool","name":"isPair","type":"bool"},{"internalType":"contract IFactory","name":"factory","type":"address"},{"internalType":"contract IERC20","name":"token0","type":"address"},{"internalType":"contract IERC20","name":"token1","type":"address"},{"internalType":"string","name":"name","type":"string"},{"internalType":"string","name":"symbol","type":"string"},{"internalType":"uint8","name":"decimals","type":"uint8"}],"internalType":"struct BoringHelperV1.PoolInfo[]","name":"","type":"tuple[]"}],"stateMutability":"view","type":"function"},{"inputs":[{"internalType":"address[]","name":"addresses","type":"address[]"}],"name":"getTokenInfo","outputs":[{"components":[{"internalType":"contract IERC20","name":"token","type":"address"},{"internalType":"uint256","name":"decimals","type":"uint256"},{"internalType":"string","name":"name","type":"string"},{"internalType":"string","name":"symbol","type":"string"},{"internalType":"bytes32","name":"DOMAIN_SEPARATOR","type":"bytes32"}],"internalType":"struct BoringHelperV1.TokenInfo[]","name":"","type":"tuple[]"}],"stateMutability":"view","type":"function"},{"inputs":[{"internalType":"address","name":"who","type":"address"},{"internalType":"contract IFactory[]","name":"factoryAddresses","type":"address[]"},{"internalType":"contract IERC20","name":"currency","type":"address"},{"internalType":"address[]","name":"masterContracts","type":"address[]"}],"name":"getUIInfo","outputs":[{"components":[{"internalType":"uint256","name":"ethBalance","type":"uint256"},{"internalType":"uint256","name":"sushiBalance","type":"uint256"},{"internalType":"uint256","name":"sushiBarBalance","type":"uint256"},{"internalType":"uint256","name":"xsushiBalance","type":"uint256"},{"internalType":"uint256","name":"xsushiSupply","type":"uint256"},{"internalType":"uint256","name":"sushiBarAllowance","type":"uint256"},{"components":[{"internalType":"contract IFactory","name":"factory","type":"address"},{"internalType":"uint256","name":"allPairsLength","type":"uint256"}],"internalType":"struct BoringHelperV1.Factory[]","name":"factories","type":"tuple[]"},{"internalType":"uint256","name":"ethRate","type":"uint256"},{"internalType":"uint256","name":"sushiRate","type":"uint256"},{"internalType":"uint256","name":"btcRate","type":"uint256"},{"internalType":"uint256","name":"pendingSushi","type":"uint256"},{"internalType":"uint256","name":"blockTimeStamp","type":"uint256"},{"internalType":"bool[]","name":"masterContractApproved","type":"bool[]"}],"internalType":"struct BoringHelperV1.UIInfo","name":"","type":"tuple"}],"stateMutability":"view","type":"function"},{"inputs":[],"name":"maker","outputs":[{"internalType":"address","name":"","type":"address"}],"stateMutability":"view","type":"function"},{"inputs":[],"name":"owner","outputs":[{"internalType":"address","name":"","type":"address"}],"stateMutability":"view","type":"function"},{"inputs":[{"internalType":"address","name":"who","type":"address"},{"internalType":"contract IKashiPair[]","name":"pairsIn","type":"address[]"}],"name":"pollKashiPairs","outputs":[{"components":[{"internalType":"contract IERC20","name":"collateral","type":"address"},{"internalType":"contract IERC20","name":"asset","type":"address"},{"internalType":"contract IOracle","name":"oracle","type":"address"},{"internalType":"bytes","name":"oracleData","type":"bytes"},{"internalType":"uint256","name":"totalCollateralShare","type":"uint256"},{"internalType":"uint256","name":"userCollateralShare","type":"uint256"},{"components":[{"internalType":"uint128","name":"elastic","type":"uint128"},{"internalType":"uint128","name":"base","type":"uint128"}],"internalType":"struct Rebase","name":"totalAsset","type":"tuple"},{"internalType":"uint256","name":"userAssetFraction","type":"uint256"},{"components":[{"internalType":"uint128","name":"elastic","type":"uint128"},{"internalType":"uint128","name":"base","type":"uint128"}],"internalType":"struct Rebase","name":"totalBorrow","type":"tuple"},{"internalType":"uint256","name":"userBorrowPart","type":"uint256"},{"internalType":"uint256","name":"currentExchangeRate","type":"uint256"},{"internalType":"uint256","name":"spotExchangeRate","type":"uint256"},{"internalType":"uint256","name":"oracleExchangeRate","type":"uint256"},{"components":[{"internalType":"uint64","name":"interestPerSecond","type":"uint64"},{"internalType":"uint64","name":"lastAccrued","type":"uint64"},{"internalType":"uint128","name":"feesEarnedFraction","type":"uint128"}],"internalType":"struct AccrueInfo","name":"accrueInfo","type":"tuple"}],"internalType":"struct BoringHelperV1.KashiPairPoll[]","name":"","type":"tuple[]"}],"stateMutability":"view","type":"function"},{"inputs":[{"internalType":"address","name":"who","type":"address"},{"internalType":"contract IPair[]","name":"addresses","type":"address[]"}],"name":"pollPairs","outputs":[{"components":[{"internalType":"contract IPair","name":"token","type":"address"},{"internalType":"uint256","name":"reserve0","type":"uint256"},{"internalType":"uint256","name":"reserve1","type":"uint256"},{"internalType":"uint256","name":"totalSupply","type":"uint256"},{"internalType":"uint256","name":"balance","type":"uint256"}],"internalType":"struct BoringHelperV1.PairPoll[]","name":"","type":"tuple[]"}],"stateMutability":"view","type":"function"},{"inputs":[{"internalType":"address","name":"who","type":"address"},{"internalType":"uint256[]","name":"pids","type":"uint256[]"}],"name":"pollPools","outputs":[{"components":[{"internalType":"uint256","name":"pid","type":"uint256"},{"internalType":"uint256","name":"balance","type":"uint256"},{"internalType":"uint256","name":"totalSupply","type":"uint256"},{"internalType":"uint256","name":"lpBalance","type":"uint256"},{"internalType":"uint256","name":"lpTotalSupply","type":"uint256"},{"internalType":"uint256","name":"lpAllowance","type":"uint256"},{"internalType":"uint256","name":"reserve0","type":"uint256"},{"internalType":"uint256","name":"reserve1","type":"uint256"},{"internalType":"uint256","name":"rewardDebt","type":"uint256"},{"internalType":"uint256","name":"pending","type":"uint256"}],"internalType":"struct BoringHelperV1.UserPoolInfo[]","name":"","type":"tuple[]"}],"stateMutability":"view","type":"function"},{"inputs":[{"internalType":"contract IMasterChef","name":"chef_","type":"address"},{"internalType":"address","name":"maker_","type":"address"},{"internalType":"contract IERC20","name":"sushi_","type":"address"},{"internalType":"contract IERC20","name":"WETH_","type":"address"},{"internalType":"contract IERC20","name":"WBTC_","type":"address"},{"internalType":"contract IFactory","name":"sushiFactory_","type":"address"},{"internalType":"contract IFactory","name":"uniV2Factory_","type":"address"},{"internalType":"contract IERC20","name":"bar_","type":"address"},{"internalType":"contract IBentoBox","name":"bentoBox_","type":"address"}],"name":"setContracts","outputs":[],"stateMutability":"nonpayable","type":"function"},{"inputs":[],"name":"sushi","outputs":[{"internalType":"contract IERC20","name":"","type":"address"}],"stateMutability":"view","type":"function"},{"inputs":[],"name":"sushiFactory","outputs":[{"internalType":"contract IFactory","name":"","type":"address"}],"stateMutability":"view","type":"function"},{"inputs":[],"name":"uniV2Factory","outputs":[{"internalType":"contract IFactory","name":"","type":"address"}],"stateMutability":"view","type":"function"}]