[{"inputs":[{"internalType":"address","name":"_masterDeployer","type":"address"}],"stateMutability":"nonpayable","type":"constructor"},{"inputs":[{"internalType":"bytes","name":"","type":"bytes"}],"name":"configAddress","outputs":[{"internalType":"address","name":"","type":"address"}],"stateMutability":"view","type":"function"},{"inputs":[{"internalType":"bytes","name":"_deployData","type":"bytes"}],"name":"deployPool","outputs":[{"internalType":"address","name":"pool","type":"address"}],"stateMutability":"nonpayable","type":"function"},{"inputs":[{"internalType":"address","name":"token0","type":"address"},{"internalType":"address","name":"token1","type":"address"},{"internalType":"uint256","name":"startIndex","type":"uint256"},{"internalType":"uint256","name":"endIndex","type":"uint256"}],"name":"getPools","outputs":[{"internalType":"address[]","name":"pairPools","type":"address[]"}],"stateMutability":"view","type":"function"},{"inputs":[],"name":"masterDeployer","outputs":[{"internalType":"address","name":"","type":"address"}],"stateMutability":"view","type":"function"},{"inputs":[{"internalType":"address","name":"","type":"address"},{"internalType":"address","name":"","type":"address"},{"internalType":"uint256","name":"","type":"uint256"}],"name":"pools","outputs":[{"internalType":"address","name":"","type":"address"}],"stateMutability":"view","type":"function"},{"inputs":[{"internalType":"address","name":"token0","type":"address"},{"internalType":"address","name":"token1","type":"address"}],"name":"poolsCount","outputs":[{"internalType":"uint256","name":"count","type":"uint256"}],"stateMutability":"view","type":"function"}]