[{"inputs":[],"stateMutability":"nonpayable","type":"constructor"},{"anonymous":false,"inputs":[{"indexed":false,"internalType":"address","name":"sender","type":"address"},{"indexed":false,"internalType":"address","name":"pool","type":"address"},{"indexed":false,"internalType":"uint256","name":"tokensRec","type":"uint256"}],"name":"ZapIn","type":"event"},{"inputs":[{"internalType":"address","name":"aToken","type":"address"},{"internalType":"address","name":"to","type":"address"},{"internalType":"uint256","name":"amount","type":"uint256"}],"name":"aaveToBento","outputs":[{"internalType":"uint256","name":"amountOut","type":"uint256"},{"internalType":"uint256","name":"shareOut","type":"uint256"}],"stateMutability":"nonpayable","type":"function"},{"inputs":[{"internalType":"address","name":"aToken","type":"address"},{"internalType":"address","name":"cToken","type":"address"},{"internalType":"address","name":"to","type":"address"},{"internalType":"uint256","name":"amount","type":"uint256"}],"name":"aaveToCompound","outputs":[],"stateMutability":"nonpayable","type":"function"},{"inputs":[{"internalType":"address","name":"kashiPair","type":"address"},{"internalType":"address","name":"to","type":"address"}],"name":"assetBalanceFromKashi","outputs":[{"internalType":"uint256","name":"share","type":"uint256"}],"stateMutability":"nonpayable","type":"function"},{"inputs":[{"internalType":"contract IKashiBridge","name":"kashiPair","type":"address"},{"internalType":"address","name":"to","type":"address"}],"name":"assetBalanceToKashi","outputs":[{"internalType":"uint256","name":"fraction","type":"uint256"}],"stateMutability":"nonpayable","type":"function"},{"inputs":[{"internalType":"contract IKashiBridge","name":"kashiPair","type":"address"},{"internalType":"address","name":"to","type":"address"},{"internalType":"uint256","name":"amount","type":"uint256"}],"name":"assetToKashi","outputs":[{"internalType":"uint256","name":"fraction","type":"uint256"}],"stateMutability":"nonpayable","type":"function"},{"inputs":[{"internalType":"address","name":"aToken","type":"address"},{"internalType":"address","name":"to","type":"address"}],"name":"balanceFromAave","outputs":[],"stateMutability":"nonpayable","type":"function"},{"inputs":[{"internalType":"address","name":"cToken","type":"address"}],"name":"balanceFromCompound","outputs":[],"stateMutability":"nonpayable","type":"function"},{"inputs":[{"internalType":"address","name":"underlying","type":"address"},{"internalType":"address","name":"to","type":"address"}],"name":"balanceToAave","outputs":[],"stateMutability":"nonpayable","type":"function"},{"inputs":[{"internalType":"contract IERC20","name":"token","type":"address"},{"internalType":"address","name":"to","type":"address"}],"name":"balanceToBento","outputs":[{"internalType":"uint256","name":"amountOut","type":"uint256"},{"internalType":"uint256","name":"shareOut","type":"uint256"}],"stateMutability":"nonpayable","type":"function"},{"inputs":[{"internalType":"contract ICompoundBridge","name":"cToken","type":"address"}],"name":"balanceToCompound","outputs":[],"stateMutability":"nonpayable","type":"function"},{"inputs":[{"internalType":"address","name":"lpToken","type":"address"},{"internalType":"uint256","name":"pid","type":"uint256"},{"internalType":"address","name":"to","type":"address"}],"name":"balanceToMasterChefv2","outputs":[],"stateMutability":"nonpayable","type":"function"},{"inputs":[{"internalType":"bytes[]","name":"calls","type":"bytes[]"},{"internalType":"bool","name":"revertOnFail","type":"bool"}],"name":"batch","outputs":[],"stateMutability":"payable","type":"function"},{"inputs":[{"internalType":"contract IERC20","name":"underlying","type":"address"},{"internalType":"address","name":"to","type":"address"},{"internalType":"uint256","name":"amount","type":"uint256"}],"name":"bentoToAave","outputs":[],"stateMutability":"nonpayable","type":"function"},{"inputs":[{"internalType":"address","name":"cToken","type":"address"},{"internalType":"address","name":"to","type":"address"},{"internalType":"uint256","name":"underlyingAmount","type":"uint256"}],"name":"bentoToCompound","outputs":[],"stateMutability":"nonpayable","type":"function"},{"inputs":[{"internalType":"contract IERC20[]","name":"token","type":"address[]"},{"internalType":"address[]","name":"to","type":"address[]"}],"name":"bridgeToken","outputs":[],"stateMutability":"nonpayable","type":"function"},{"inputs":[{"internalType":"address","name":"cToken","type":"address"},{"internalType":"address","name":"to","type":"address"},{"internalType":"uint256","name":"amount","type":"uint256"}],"name":"compoundToAave","outputs":[],"stateMutability":"nonpayable","type":"function"},{"inputs":[{"internalType":"address","name":"cToken","type":"address"},{"internalType":"address","name":"to","type":"address"},{"internalType":"uint256","name":"cTokenAmount","type":"uint256"}],"name":"compoundToBento","outputs":[{"internalType":"uint256","name":"amountOut","type":"uint256"},{"internalType":"uint256","name":"shareOut","type":"uint256"}],"stateMutability":"nonpayable","type":"function"},{"inputs":[],"name":"depositBalanceToWETH","outputs":[],"stateMutability":"payable","type":"function"},{"inputs":[{"internalType":"uint256","name":"amount","type":"uint256"},{"internalType":"uint256","name":"pid","type":"uint256"},{"internalType":"address","name":"to","type":"address"}],"name":"depositToMasterChefv2","outputs":[],"stateMutability":"nonpayable","type":"function"},{"inputs":[{"internalType":"contract IERC20","name":"token","type":"address"},{"internalType":"uint256","name":"amount","type":"uint256"}],"name":"fromBento","outputs":[{"internalType":"uint256","name":"amountOut","type":"uint256"},{"internalType":"uint256","name":"shareOut","type":"uint256"}],"stateMutability":"nonpayable","type":"function"},{"inputs":[{"internalType":"contract IDaiPermit","name":"token","type":"address"},{"internalType":"address","name":"holder","type":"address"},{"internalType":"address","name":"spender","type":"address"},{"internalType":"uint256","name":"nonce","type":"uint256"},{"internalType":"uint256","name":"expiry","type":"uint256"},{"internalType":"bool","name":"allowed","type":"bool"},{"internalType":"uint8","name":"v","type":"uint8"},{"internalType":"bytes32","name":"r","type":"bytes32"},{"internalType":"bytes32","name":"s","type":"bytes32"}],"name":"permitDai","outputs":[],"stateMutability":"nonpayable","type":"function"},{"inputs":[{"internalType":"contract IERC20","name":"token","type":"address"},{"internalType":"address","name":"from","type":"address"},{"internalType":"address","name":"to","type":"address"},{"internalType":"uint256","name":"amount","type":"uint256"},{"internalType":"uint256","name":"deadline","type":"uint256"},{"internalType":"uint8","name":"v","type":"uint8"},{"internalType":"bytes32","name":"r","type":"bytes32"},{"internalType":"bytes32","name":"s","type":"bytes32"}],"name":"permitToken","outputs":[],"stateMutability":"nonpayable","type":"function"},{"inputs":[{"internalType":"address","name":"user","type":"address"},{"internalType":"address","name":"masterContract","type":"address"},{"internalType":"bool","name":"approved","type":"bool"},{"internalType":"uint8","name":"v","type":"uint8"},{"internalType":"bytes32","name":"r","type":"bytes32"},{"internalType":"bytes32","name":"s","type":"bytes32"}],"name":"setBentoApproval","outputs":[],"stateMutability":"nonpayable","type":"function"},{"inputs":[{"internalType":"address","name":"to","type":"address"}],"name":"stakeSushiBalance","outputs":[],"stateMutability":"nonpayable","type":"function"},{"inputs":[{"internalType":"address","name":"to","type":"address"},{"internalType":"uint256","name":"amount","type":"uint256"}],"name":"stakeSushiToAave","outputs":[],"stateMutability":"nonpayable","type":"function"},{"inputs":[{"internalType":"address","name":"to","type":"address"},{"internalType":"uint256","name":"amount","type":"uint256"}],"name":"stakeSushiToBento","outputs":[{"internalType":"uint256","name":"amountOut","type":"uint256"},{"internalType":"uint256","name":"shareOut","type":"uint256"}],"stateMutability":"nonpayable","type":"function"},{"inputs":[{"internalType":"address","name":"to","type":"address"},{"internalType":"uint256","name":"amount","type":"uint256"}],"name":"stakeSushiToCream","outputs":[],"stateMutability":"nonpayable","type":"function"},{"inputs":[{"internalType":"address","name":"to","type":"address"},{"internalType":"uint256","name":"amount","type":"uint256"}],"name":"stakeSushiToCreamToBento","outputs":[{"internalType":"uint256","name":"amountOut","type":"uint256"},{"internalType":"uint256","name":"shareOut","type":"uint256"}],"stateMutability":"nonpayable","type":"function"},{"inputs":[{"internalType":"address","name":"to","type":"address"},{"internalType":"uint256","name":"cTokenAmount","type":"uint256"}],"name":"sushiFromCreamFromBento","outputs":[],"stateMutability":"nonpayable","type":"function"},{"inputs":[{"internalType":"address","name":"to","type":"address"},{"internalType":"uint256","name":"amount","type":"uint256"}],"name":"sushiToCreamToBento","outputs":[{"internalType":"uint256","name":"amountOut","type":"uint256"},{"internalType":"uint256","name":"shareOut","type":"uint256"}],"stateMutability":"nonpayable","type":"function"},{"inputs":[{"internalType":"address","name":"fromToken","type":"address"},{"internalType":"address","name":"toToken","type":"address"},{"internalType":"address","name":"to","type":"address"}],"name":"swapBalance","outputs":[{"internalType":"uint256","name":"amountOut","type":"uint256"}],"stateMutability":"nonpayable","type":"function"},{"inputs":[{"internalType":"uint256","name":"amountIn","type":"uint256"},{"internalType":"uint256","name":"amountOutMin","type":"uint256"},{"internalType":"address[]","name":"path","type":"address[]"},{"internalType":"address","name":"to","type":"address"},{"internalType":"uint256","name":"deadline","type":"uint256"}],"name":"swapExactTokensForTokens","outputs":[{"internalType":"uint256[]","name":"amounts","type":"uint256[]"}],"stateMutability":"nonpayable","type":"function"},{"inputs":[{"internalType":"address","name":"fromToken","type":"address"},{"internalType":"address","name":"toToken","type":"address"},{"internalType":"address","name":"to","type":"address"},{"internalType":"uint256","name":"amountIn","type":"uint256"}],"name":"swapSingle","outputs":[{"internalType":"uint256","name":"amountOut","type":"uint256"}],"stateMutability":"nonpayable","type":"function"},{"inputs":[{"internalType":"address","name":"to","type":"address"},{"internalType":"uint256","name":"amount","type":"uint256"}],"name":"unstakeSushiFromAave","outputs":[],"stateMutability":"nonpayable","type":"function"},{"inputs":[{"internalType":"address","name":"to","type":"address"},{"internalType":"uint256","name":"amount","type":"uint256"}],"name":"unstakeSushiFromBento","outputs":[],"stateMutability":"nonpayable","type":"function"},{"inputs":[{"internalType":"address","name":"to","type":"address"},{"internalType":"uint256","name":"cTokenAmount","type":"uint256"}],"name":"unstakeSushiFromCream","outputs":[],"stateMutability":"nonpayable","type":"function"},{"inputs":[{"internalType":"address","name":"to","type":"address"},{"internalType":"uint256","name":"cTokenAmount","type":"uint256"}],"name":"unstakeSushiFromCreamFromBento","outputs":[],"stateMutability":"nonpayable","type":"function"},{"inputs":[{"internalType":"address","name":"to","type":"address"}],"name":"withdrawBalanceFromWETH","outputs":[],"stateMutability":"nonpayable","type":"function"},{"inputs":[{"internalType":"address","name":"to","type":"address"}],"name":"withdrawETHbalance","outputs":[],"stateMutability":"payable","type":"function"},{"inputs":[{"internalType":"contract IERC20","name":"token","type":"address"},{"internalType":"address","name":"to","type":"address"}],"name":"withdrawTokenBalance","outputs":[],"stateMutability":"nonpayable","type":"function"},{"inputs":[{"internalType":"address","name":"pair","type":"address"},{"internalType":"address","name":"to","type":"address"},{"internalType":"uint256","name":"amount","type":"uint256"}],"name":"zapFromBento","outputs":[{"internalType":"uint256","name":"amount0","type":"uint256"},{"internalType":"uint256","name":"amount1","type":"uint256"}],"stateMutability":"nonpayable","type":"function"},{"inputs":[{"internalType":"address","name":"to","type":"address"},{"internalType":"address","name":"_FromTokenContractAddress","type":"address"},{"internalType":"address","name":"_pairAddress","type":"address"},{"internalType":"uint256","name":"_amount","type":"uint256"},{"internalType":"uint256","name":"_minPoolTokens","type":"uint256"},{"internalType":"address","name":"_swapTarget","type":"address"},{"internalType":"bytes","name":"swapData","type":"bytes"}],"name":"zapIn","outputs":[{"internalType":"uint256","name":"","type":"uint256"}],"stateMutability":"payable","type":"function"},{"inputs":[{"internalType":"address","name":"pair","type":"address"},{"internalType":"address","name":"to","type":"address"},{"internalType":"uint256","name":"amount","type":"uint256"}],"name":"zapOut","outputs":[{"internalType":"uint256","name":"amount0","type":"uint256"},{"internalType":"uint256","name":"amount1","type":"uint256"}],"stateMutability":"nonpayable","type":"function"},{"inputs":[{"internalType":"address","name":"pair","type":"address"},{"internalType":"address","name":"to","type":"address"}],"name":"zapOutBalance","outputs":[{"internalType":"uint256","name":"amount0","type":"uint256"},{"internalType":"uint256","name":"amount1","type":"uint256"}],"stateMutability":"nonpayable","type":"function"},{"inputs":[{"internalType":"address","name":"to","type":"address"},{"internalType":"address","name":"_FromTokenContractAddress","type":"address"},{"internalType":"address","name":"_pairAddress","type":"address"},{"internalType":"uint256","name":"_amount","type":"uint256"},{"internalType":"uint256","name":"_minPoolTokens","type":"uint256"},{"internalType":"address","name":"_swapTarget","type":"address"},{"internalType":"bytes","name":"swapData","type":"bytes"}],"name":"zapToBento","outputs":[{"internalType":"uint256","name":"","type":"uint256"}],"stateMutability":"payable","type":"function"},{"inputs":[{"internalType":"address","name":"to","type":"address"},{"internalType":"address","name":"_FromTokenContractAddress","type":"address"},{"internalType":"address","name":"_pairAddress","type":"address"},{"internalType":"uint256","name":"_amount","type":"uint256"},{"internalType":"uint256","name":"_minPoolTokens","type":"uint256"},{"internalType":"uint256","name":"pid","type":"uint256"},{"internalType":"address","name":"_swapTarget","type":"address"},{"internalType":"bytes","name":"swapData","type":"bytes"}],"name":"zapToMasterChef","outputs":[{"internalType":"uint256","name":"","type":"uint256"}],"stateMutability":"payable","type":"function"},{"stateMutability":"payable","type":"receive"}]