[{"inputs":[{"internalType":"bytes","name":"data","type":"bytes"}],"name":"get","outputs":[{"internalType":"bool","name":"","type":"bool"},{"internalType":"uint256","name":"","type":"uint256"}],"stateMutability":"nonpayable","type":"function"},{"inputs":[{"internalType":"uint256","name":"rate","type":"uint256"}],"name":"getDataParameter","outputs":[{"internalType":"bytes","name":"","type":"bytes"}],"stateMutability":"pure","type":"function"},{"inputs":[{"internalType":"bytes","name":"data","type":"bytes"}],"name":"peek","outputs":[{"internalType":"bool","name":"","type":"bool"},{"internalType":"uint256","name":"","type":"uint256"}],"stateMutability":"view","type":"function"}]