[{"inputs":[{"internalType":"contract ICompoundHelper","name":"cToken","type":"address"}],"name":"exchangeRateStoredInternal","outputs":[{"internalType":"uint256","name":"","type":"uint256"}],"stateMutability":"view","type":"function"},{"inputs":[{"internalType":"contract IERC20","name":"token","type":"address"},{"internalType":"uint256","name":"share","type":"uint256"}],"name":"fromBento","outputs":[{"internalType":"uint256","name":"amount","type":"uint256"}],"stateMutability":"view","type":"function"},{"inputs":[{"internalType":"contract ICompoundHelper","name":"cToken","type":"address"},{"internalType":"uint256","name":"cTokenAmount","type":"uint256"}],"name":"fromCtoken","outputs":[{"internalType":"uint256","name":"underlyingAmount","type":"uint256"}],"stateMutability":"view","type":"function"},{"inputs":[{"internalType":"contract IKashiHelper","name":"kmToken","type":"address"},{"internalType":"uint256","name":"kmAmount","type":"uint256"}],"name":"fromKashi","outputs":[{"internalType":"uint256","name":"share","type":"uint256"}],"stateMutability":"view","type":"function"},{"inputs":[{"internalType":"contract IERC20","name":"token","type":"address"},{"internalType":"uint256","name":"amount","type":"uint256"}],"name":"toBento","outputs":[{"internalType":"uint256","name":"share","type":"uint256"}],"stateMutability":"view","type":"function"},{"inputs":[{"internalType":"contract ICompoundHelper","name":"cToken","type":"address"},{"internalType":"uint256","name":"underlyingAmount","type":"uint256"}],"name":"toCtoken","outputs":[{"internalType":"uint256","name":"cTokenAmount","type":"uint256"}],"stateMutability":"view","type":"function"},{"inputs":[{"internalType":"contract IKashiHelper","name":"kmToken","type":"address"},{"internalType":"uint256","name":"underlyingAmount","type":"uint256"}],"name":"toKashi","outputs":[{"internalType":"uint256","name":"fraction","type":"uint256"}],"stateMutability":"view","type":"function"}]