{"assets":[{"id":"comp_0","layers":[]}],"ddd":0,"fr":24,"h":500,"ip":0,"layers":[{"ao":0,"bm":0,"ddd":0,"h":500,"ind":1,"ip":0,"ks":{"a":{"a":0,"ix":1,"k":[250,250,0]},"o":{"a":0,"ix":11,"k":100},"p":{"a":0,"ix":2,"k":[250,250,0]},"r":{"a":0,"ix":10,"k":0},"s":{"a":0,"ix":6,"k":[100,100,100]}},"nm":"Watermark","op":500,"refId":"comp_0","sr":1,"st":0,"tm":{"a":0,"ix":2,"k":0.292},"ty":0,"w":500},{"ao":0,"bm":0,"ddd":0,"ef":[{"ef":[{"ix":1,"mn":"ADBE Color Control-0001","nm":"Color","ty":2,"v":{"a":0,"ix":1,"k":[0.89,0.89,0.89]}}],"en":1,"ix":1,"mn":"ADBE Color Control","nm":"Primary","np":3,"ty":5},{"ef":[{"ix":1,"mn":"ADBE Color Control-0001","nm":"Color","ty":2,"v":{"a":0,"ix":1,"k":[0,0.702,0.925]}}],"en":1,"ix":2,"mn":"ADBE Color Control","nm":"Secondary","np":3,"ty":5},{"ef":[{"ix":1,"mn":"ADBE Slider Control-0001","nm":"Slider","ty":0,"v":{"a":0,"ix":1,"k":140}}],"en":1,"ix":3,"mn":"ADBE Slider Control","nm":"Stroke","np":3,"ty":5},{"ef":[{"ix":1,"mn":"ADBE Slider Control-0001","nm":"Slider","ty":0,"v":{"a":0,"ix":1,"k":100}}],"en":1,"ix":4,"mn":"ADBE Slider Control","nm":"Scale","np":3,"ty":5},{"ef":[{"ix":1,"mn":"ADBE Point Control-0001","nm":"Point","ty":3,"v":{"a":0,"ix":1,"k":[250,250]}}],"en":1,"ix":5,"mn":"ADBE Point Control","nm":"Axis","np":3,"ty":5}],"ind":2,"ip":0,"ks":{"a":{"a":0,"ix":1,"k":[0,0,0]},"o":{"a":0,"ix":11,"k":0},"p":{"a":0,"ix":2,"k":[0,0]},"r":{"a":0,"ix":10,"k":0},"s":{"a":0,"ix":6,"k":[100,100,100]}},"nm":"Color  & Stroke Change","op":120,"sr":1,"st":0,"ty":3},{"ao":0,"bm":0,"ddd":0,"ind":3,"ip":0,"ks":{"a":{"a":0,"ix":1,"k":[60,60,0]},"o":{"a":0,"ix":11,"k":0},"p":{"a":0,"ix":2,"k":[250,250,0],"x":"var $bm_rt;\n$bm_rt = thisComp.layer('Color  & Stroke Change').effect('Axis')('Point');"},"r":{"a":0,"ix":10,"k":0},"s":{"a":0,"ix":6,"k":[100,100,100],"x":"var $bm_rt;\nvar temp;\ntemp = thisComp.layer('Color  & Stroke Change').effect('Scale')('Slider');\n$bm_rt = [\n    temp,\n    temp\n];"}},"nm":"NULL 2","op":120,"sr":1,"st":0,"ty":3},{"ao":0,"bm":0,"ddd":0,"ind":4,"ip":0,"ks":{"a":{"a":0,"ix":1,"k":[0,23.125,0]},"o":{"a":0,"ix":11,"k":100},"p":{"a":0,"ix":2,"k":[0,23.125,0]},"r":{"a":1,"ix":10,"k":[{"i":{"x":[0.562],"y":[0.589]},"o":{"x":[0.195],"y":[0.225]},"s":[0],"t":0},{"i":{"x":[0.833],"y":[0.8]},"o":{"x":[0.31],"y":[0.311]},"s":[185.773],"t":18},{"i":{"x":[0.69],"y":[0.686]},"o":{"x":[0.167],"y":[0.198]},"s":[359.73],"t":36},{"i":{"x":[0.805],"y":[0.774]},"o":{"x":[0.438],"y":[0.415]},"s":[533.78],"t":54},{"s":[720],"t":72}]},"s":{"a":0,"ix":6,"k":[100,100,100]}},"nm":"Shape Layer 3","op":120,"parent":5,"shapes":[{"bm":0,"cix":2,"hd":false,"it":[{"d":1,"hd":false,"mn":"ADBE Vector Shape - Ellipse","nm":"Ellipse Path 1","p":{"a":0,"ix":3,"k":[0,0]},"s":{"a":0,"ix":2,"k":[20,20]},"ty":"el"},{"bm":0,"c":{"a":0,"ix":3,"k":[0.070588235294,0.074509803922,0.192156877705,1],"x":"var $bm_rt;\n$bm_rt = thisComp.layer('Color  & Stroke Change').effect('Primary')('Color');"},"hd":false,"lc":1,"lj":1,"ml":4,"mn":"ADBE Vector Graphic - Stroke","nm":"Stroke 1","o":{"a":0,"ix":4,"k":100},"ty":"st","w":{"a":0,"ix":5,"k":4,"x":"var $bm_rt;\n$bm_rt = $bm_mul(4 / 100, thisComp.layer('Color  & Stroke Change').effect('Stroke')('Slider'));"}},{"a":{"a":0,"ix":1,"k":[0,0]},"nm":"Transform","o":{"a":0,"ix":7,"k":100},"p":{"a":0,"ix":2,"k":[0,33.125]},"r":{"a":0,"ix":6,"k":-1},"s":{"a":0,"ix":3,"k":[100,100]},"sa":{"a":0,"ix":5,"k":0},"sk":{"a":0,"ix":4,"k":0},"ty":"tr"}],"ix":1,"mn":"ADBE Vector Group","nm":"Ellipse 1","np":2,"ty":"gr"}],"sr":1,"st":0,"ty":4},{"ao":0,"bm":0,"ddd":0,"ind":5,"ip":0,"ks":{"a":{"a":0,"ix":1,"k":[0,0,0]},"o":{"a":0,"ix":11,"k":100},"p":{"a":0,"ix":2,"k":[0,0,0]},"r":{"a":1,"ix":10,"k":[{"i":{"x":[0.21],"y":[0.543]},"o":{"x":[0.167],"y":[0.397]},"s":[0],"t":0},{"i":{"x":[0.833],"y":[0.602]},"o":{"x":[0.79],"y":[0.46]},"s":[90],"t":18},{"i":{"x":[0.21],"y":[0.539]},"o":{"x":[0.167],"y":[0.398]},"s":[180],"t":36},{"i":{"x":[0.833],"y":[0.601]},"o":{"x":[0.79],"y":[0.462]},"s":[270],"t":54},{"s":[360],"t":72}]},"s":{"a":0,"ix":6,"k":[100,100,100]}},"nm":"Shape Layer 2","op":120,"parent":6,"shapes":[{"bm":0,"cix":2,"hd":false,"it":[{"d":1,"hd":false,"mn":"ADBE Vector Shape - Ellipse","nm":"Ellipse Path 1","p":{"a":0,"ix":3,"k":[0,0]},"s":{"a":0,"ix":2,"k":[46,46]},"ty":"el"},{"bm":0,"c":{"a":0,"ix":3,"k":[0.070588235294,0.074509803922,0.192156877705,1],"x":"var $bm_rt;\n$bm_rt = thisComp.layer('Color  & Stroke Change').effect('Secondary')('Color');"},"hd":false,"lc":1,"lj":1,"ml":4,"mn":"ADBE Vector Graphic - Stroke","nm":"Stroke 1","o":{"a":0,"ix":4,"k":100},"ty":"st","w":{"a":0,"ix":5,"k":4,"x":"var $bm_rt;\n$bm_rt = $bm_mul(4 / 100, thisComp.layer('Color  & Stroke Change').effect('Stroke')('Slider'));"}},{"a":{"a":0,"ix":1,"k":[0,0]},"nm":"Transform","o":{"a":0,"ix":7,"k":100},"p":{"a":0,"ix":2,"k":[0,23.125]},"r":{"a":0,"ix":6,"k":-1},"s":{"a":0,"ix":3,"k":[100,100]},"sa":{"a":0,"ix":5,"k":0},"sk":{"a":0,"ix":4,"k":0},"ty":"tr"}],"ix":1,"mn":"ADBE Vector Group","nm":"Ellipse 1","np":2,"ty":"gr"}],"sr":1,"st":0,"ty":4},{"ao":0,"bm":0,"ddd":0,"ind":6,"ip":0,"ks":{"a":{"a":0,"ix":1,"k":[0,0,0]},"o":{"a":0,"ix":11,"k":100},"p":{"a":0,"ix":2,"k":[60,60,0]},"r":{"a":1,"ix":10,"k":[{"i":{"x":[0.21],"y":[0.543]},"o":{"x":[0.167],"y":[0.397]},"s":[0],"t":0},{"i":{"x":[0.833],"y":[0.602]},"o":{"x":[0.79],"y":[0.46]},"s":[90],"t":18},{"i":{"x":[0.21],"y":[0.539]},"o":{"x":[0.167],"y":[0.398]},"s":[180],"t":36},{"i":{"x":[0.833],"y":[0.601]},"o":{"x":[0.79],"y":[0.462]},"s":[270],"t":54},{"s":[360],"t":72}]},"s":{"a":0,"ix":6,"k":[430,430,100]}},"nm":"Shape Layer 1","op":120,"parent":3,"shapes":[{"bm":0,"cix":2,"hd":false,"it":[{"d":1,"hd":false,"mn":"ADBE Vector Shape - Ellipse","nm":"Ellipse Path 1","p":{"a":0,"ix":3,"k":[0,0]},"s":{"a":0,"ix":2,"k":[100,100]},"ty":"el"},{"bm":0,"c":{"a":0,"ix":3,"k":[0.070588235294,0.074509803922,0.192156877705,1],"x":"var $bm_rt;\n$bm_rt = thisComp.layer('Color  & Stroke Change').effect('Primary')('Color');"},"hd":false,"lc":1,"lj":1,"ml":4,"mn":"ADBE Vector Graphic - Stroke","nm":"Stroke 1","o":{"a":0,"ix":4,"k":100},"ty":"st","w":{"a":0,"ix":5,"k":4,"x":"var $bm_rt;\n$bm_rt = $bm_mul(4 / 100, thisComp.layer('Color  & Stroke Change').effect('Stroke')('Slider'));"}},{"a":{"a":0,"ix":1,"k":[0,0]},"nm":"Transform","o":{"a":0,"ix":7,"k":100},"p":{"a":0,"ix":2,"k":[0,0]},"r":{"a":0,"ix":6,"k":0},"s":{"a":0,"ix":3,"k":[100,100]},"sa":{"a":0,"ix":5,"k":0},"sk":{"a":0,"ix":4,"k":0},"ty":"tr"}],"ix":1,"mn":"ADBE Vector Group","nm":"Ellipse 1","np":2,"ty":"gr"}],"sr":1,"st":0,"ty":4}],"markers":[],"nm":"339-loader-10","op":72,"v":"5.6.10","w":500}