{"assets":[{"id":"comp_0","layers":[{"ao":0,"bm":0,"ddd":0,"ind":1,"ip":0,"ks":{"a":{"a":0,"ix":1,"k":[60,60,0],"l":2},"o":{"a":0,"ix":11,"k":0},"p":{"a":0,"ix":2,"k":[250,250,0],"l":2},"r":{"a":0,"ix":10,"k":0},"s":{"a":0,"ix":6,"k":[374,374,100],"l":2}},"nm":"NULL","op":120,"sr":1,"st":0,"ty":3},{"ao":0,"bm":0,"ddd":0,"ind":2,"ip":0,"ks":{"a":{"a":0,"ix":1,"k":[60,60,0],"l":2},"o":{"a":0,"ix":11,"k":100},"p":{"a":1,"ix":2,"k":[{"i":{"x":0.833,"y":0.833},"o":{"x":0.167,"y":0.167},"s":[60,60,0],"t":0,"ti":[0.021,-0.167,0],"to":[-0.021,0.167,0]},{"s":[59.875,61,0],"t":27}],"l":2},"r":{"a":1,"ix":10,"k":[{"i":{"x":[0.667],"y":[1]},"o":{"x":[0.333],"y":[0]},"s":[0],"t":8},{"i":{"x":[0.667],"y":[1]},"o":{"x":[0.167],"y":[0]},"s":[-90],"t":18},{"s":[-90],"t":35}]},"s":{"a":0,"ix":6,"k":[-9,-9,100],"l":2}},"nm":"NULL 4","op":27,"parent":1,"sr":1,"st":0,"ty":3},{"ao":0,"bm":0,"ddd":0,"ind":3,"ip":0,"ks":{"a":{"a":0,"ix":1,"k":[0,0,0],"l":2},"o":{"a":0,"ix":11,"k":100},"p":{"a":0,"ix":2,"k":[60,60,0],"l":2},"r":{"a":0,"ix":10,"k":0},"s":{"a":0,"ix":6,"k":[1111.111,1111.111,100],"l":2}},"nm":"Warstwa 8","op":27,"parent":2,"shapes":[{"bm":0,"cix":2,"hd":false,"it":[{"hd":false,"ind":0,"ix":1,"ks":{"a":1,"ix":2,"k":[{"i":{"x":0.833,"y":0.833},"o":{"x":0.167,"y":0.167},"s":[{"c":true,"i":[[-3.03,-10.073],[0.261,-5.147],[21.998,-1.115],[4.635,1.394],[-7.438,7.438],[0,0]],"o":[[1.394,4.635],[-1.115,21.998],[-5.147,0.261],[-10.073,-3.03],[0,0],[7.438,-7.438]],"v":[[40.917,-12.455],[42.689,2.289],[1.701,43.277],[-13.043,41.505],[-18.765,18.249],[17.661,-18.177]]}],"t":1},{"s":[{"c":true,"i":[[-3.03,-10.073],[0.261,-5.147],[21.998,-1.115],[4.635,1.394],[-7.438,7.438],[0,0]],"o":[[1.394,4.635],[-1.115,21.998],[-5.147,0.261],[-10.073,-3.03],[0,0],[7.438,-7.438]],"v":[[40.249,-12.321],[42.02,2.423],[1.033,43.41],[-13.711,41.639],[-19.433,18.383],[16.993,-18.043]]}],"t":26}]},"mn":"ADBE Vector Shape - Group","nm":"Path 1","ty":"sh"},{"bm":0,"c":{"a":0,"ix":3,"k":[0.03137254902,0.658823529412,0.541176470588,1],"x":"var $bm_rt;\n$bm_rt = comp('25-error-cross-outline').layer('Color  & Stroke Change').effect('Secondary')('Color');"},"hd":false,"lc":2,"lj":2,"mn":"ADBE Vector Graphic - Stroke","nm":"Stroke 1","o":{"a":0,"ix":4,"k":100},"ty":"st","w":{"a":0,"ix":5,"k":5.2,"x":"var $bm_rt;\n$bm_rt = $bm_mul(5.2 / 100, comp('25-error-cross-outline').layer('Color  & Stroke Change').effect('Stroke')('Slider'));"}},{"a":{"a":0,"ix":1,"k":[0,0]},"nm":"Transform","o":{"a":0,"ix":7,"k":100},"p":{"a":0,"ix":2,"k":[0,0]},"r":{"a":0,"ix":6,"k":0},"s":{"a":0,"ix":3,"k":[100,100]},"sa":{"a":0,"ix":5,"k":0},"sk":{"a":0,"ix":4,"k":0},"ty":"tr"}],"ix":1,"mn":"ADBE Vector Group","nm":"Group 1","np":2,"ty":"gr"},{"e":{"a":0,"ix":2,"k":94.8},"hd":false,"ix":2,"m":1,"mn":"ADBE Vector Filter - Trim","nm":"Trim Paths 1","o":{"a":1,"ix":3,"k":[{"i":{"x":[0.536],"y":[0.356]},"o":{"x":[0.514],"y":[0.714]},"s":[-32],"t":0},{"i":{"x":[0.833],"y":[0.833]},"o":{"x":[0.167],"y":[0.167]},"s":[-396],"t":27},{"i":{"x":[0.833],"y":[0.833]},"o":{"x":[0.167],"y":[0.167]},"s":[-390],"t":29},{"i":{"x":[0.22],"y":[1]},"o":{"x":[0.167],"y":[0.167]},"s":[-394],"t":31},{"s":[-392],"t":35}]},"s":{"a":0,"ix":1,"k":69},"ty":"tm"}],"sr":1,"st":0,"ty":4},{"ao":0,"bm":0,"ddd":0,"ind":4,"ip":0,"ks":{"a":{"a":0,"ix":1,"k":[60,60,0],"l":2},"o":{"a":0,"ix":11,"k":100},"p":{"a":0,"ix":2,"k":[60,60,0],"l":2},"r":{"a":1,"ix":10,"k":[{"i":{"x":[0.667],"y":[1]},"o":{"x":[0.333],"y":[0]},"s":[0],"t":8},{"i":{"x":[0.667],"y":[1]},"o":{"x":[0.167],"y":[0]},"s":[-90],"t":18},{"s":[-90],"t":35}]},"s":{"a":0,"ix":6,"k":[9,9,100],"l":2}},"nm":"NULL 3","op":120,"parent":1,"sr":1,"st":0,"ty":3},{"ao":0,"bm":0,"ddd":0,"ind":5,"ip":1,"ks":{"a":{"a":0,"ix":1,"k":[0,0,0],"l":2},"o":{"a":0,"ix":11,"k":100},"p":{"a":0,"ix":2,"k":[60,60,0],"l":2},"r":{"a":0,"ix":10,"k":0},"s":{"a":0,"ix":6,"k":[1111.111,1111.111,100],"l":2}},"nm":"Warstwa 7","op":120,"parent":4,"shapes":[{"bm":0,"cix":2,"hd":false,"it":[{"hd":false,"ind":0,"ix":1,"ks":{"a":0,"ix":2,"k":{"c":true,"i":[[-3.002,-9.98],[0.258,-5.099],[21.794,-1.104],[4.592,1.381],[-7.369,7.369],[0,0]],"o":[[1.381,4.592],[-1.104,21.794],[-5.099,0.258],[-9.98,-3.002],[0,0],[7.369,-7.369]],"v":[[41.034,-12.317],[42.79,2.29],[2.183,42.897],[-12.424,41.142],[-18.093,18.102],[17.995,-17.986]]}},"mn":"ADBE Vector Shape - Group","nm":"Path 1","ty":"sh"},{"bm":0,"c":{"a":0,"ix":3,"k":[0.03137254902,0.658823529412,0.541176470588,1],"x":"var $bm_rt;\n$bm_rt = comp('25-error-cross-outline').layer('Color  & Stroke Change').effect('Secondary')('Color');"},"hd":false,"lc":2,"lj":2,"mn":"ADBE Vector Graphic - Stroke","nm":"Stroke 1","o":{"a":0,"ix":4,"k":100},"ty":"st","w":{"a":0,"ix":5,"k":5.2,"x":"var $bm_rt;\n$bm_rt = $bm_mul(5.2 / 100, comp('25-error-cross-outline').layer('Color  & Stroke Change').effect('Stroke')('Slider'));"}},{"a":{"a":0,"ix":1,"k":[0,0]},"nm":"Transform","o":{"a":0,"ix":7,"k":100},"p":{"a":0,"ix":2,"k":[0,0]},"r":{"a":0,"ix":6,"k":0},"s":{"a":0,"ix":3,"k":[100,100]},"sa":{"a":0,"ix":5,"k":0},"sk":{"a":0,"ix":4,"k":0},"ty":"tr"}],"ix":1,"mn":"ADBE Vector Group","nm":"Group 1","np":2,"ty":"gr"},{"e":{"a":0,"ix":2,"k":94.8},"hd":false,"ix":2,"m":1,"mn":"ADBE Vector Filter - Trim","nm":"Trim Paths 1","o":{"a":1,"ix":3,"k":[{"i":{"x":[0.536],"y":[0.356]},"o":{"x":[0.514],"y":[0.714]},"s":[-32],"t":0},{"i":{"x":[0.833],"y":[0.833]},"o":{"x":[0.167],"y":[0.167]},"s":[-396],"t":27},{"i":{"x":[0.833],"y":[0.833]},"o":{"x":[0.167],"y":[0.167]},"s":[-390],"t":29},{"i":{"x":[0.22],"y":[1]},"o":{"x":[0.167],"y":[0.167]},"s":[-394],"t":31},{"s":[-392],"t":35}]},"s":{"a":0,"ix":1,"k":69},"ty":"tm"}],"sr":1,"st":0,"ty":4},{"ao":0,"bm":0,"ddd":0,"ind":6,"ip":0,"ks":{"a":{"a":0,"ix":1,"k":[60,60,0],"l":2},"o":{"a":0,"ix":11,"k":100},"p":{"a":1,"ix":2,"k":[{"i":{"x":0.833,"y":0.833},"o":{"x":0.167,"y":0.167},"s":[60,60,0],"t":0,"ti":[0.021,-0.167,0],"to":[-0.021,0.167,0]},{"s":[59.875,61,0],"t":27}],"l":2},"r":{"a":1,"ix":10,"k":[{"i":{"x":[0.667],"y":[1]},"o":{"x":[0.333],"y":[0]},"s":[-90],"t":8},{"i":{"x":[0.667],"y":[1]},"o":{"x":[0.167],"y":[0]},"s":[-180],"t":18},{"s":[-180],"t":35}]},"s":{"a":0,"ix":6,"k":[-9,-9,100],"l":2}},"nm":"NULL 2","op":27,"parent":1,"sr":1,"st":0,"ty":3},{"ao":0,"bm":0,"ddd":0,"ind":7,"ip":1,"ks":{"a":{"a":0,"ix":1,"k":[0,0,0],"l":2},"o":{"a":0,"ix":11,"k":100},"p":{"a":0,"ix":2,"k":[60,60,0],"l":2},"r":{"a":0,"ix":10,"k":0},"s":{"a":0,"ix":6,"k":[1111.111,1111.111,100],"l":2}},"nm":"Warstwa 6","op":27,"parent":6,"shapes":[{"bm":0,"cix":2,"hd":false,"it":[{"hd":false,"ind":0,"ix":1,"ks":{"a":1,"ix":2,"k":[{"i":{"x":0.833,"y":0.833},"o":{"x":0.167,"y":0.167},"s":[{"c":true,"i":[[-3.003,-9.983],[0.258,-5.1],[21.8,-1.105],[4.593,1.382],[-7.371,7.371],[0,0]],"o":[[1.382,4.593],[-1.105,21.8],[-5.1,0.258],[-9.983,-3.003],[0,0],[7.371,-7.371]],"v":[[41.255,-12.359],[43.01,2.252],[2.392,42.87],[-12.219,41.114],[-17.889,18.068],[18.208,-18.03]]}],"t":1},{"s":[{"c":true,"i":[[-3.003,-9.983],[0.258,-5.1],[21.8,-1.105],[4.593,1.382],[-7.371,7.371],[0,0]],"o":[[1.382,4.593],[-1.105,21.8],[-5.1,0.258],[-9.983,-3.003],[0,0],[7.371,-7.371]],"v":[[40.987,-12.894],[42.743,1.717],[2.125,42.335],[-12.486,40.579],[-18.157,17.533],[17.941,-18.565]]}],"t":26}]},"mn":"ADBE Vector Shape - Group","nm":"Path 1","ty":"sh"},{"bm":0,"c":{"a":0,"ix":3,"k":[0.03137254902,0.658823529412,0.541176470588,1],"x":"var $bm_rt;\n$bm_rt = comp('25-error-cross-outline').layer('Color  & Stroke Change').effect('Secondary')('Color');"},"hd":false,"lc":2,"lj":2,"mn":"ADBE Vector Graphic - Stroke","nm":"Stroke 1","o":{"a":0,"ix":4,"k":100},"ty":"st","w":{"a":0,"ix":5,"k":5.2,"x":"var $bm_rt;\n$bm_rt = $bm_mul(5.2 / 100, comp('25-error-cross-outline').layer('Color  & Stroke Change').effect('Stroke')('Slider'));"}},{"a":{"a":0,"ix":1,"k":[0,0]},"nm":"Transform","o":{"a":0,"ix":7,"k":100},"p":{"a":0,"ix":2,"k":[0,0]},"r":{"a":0,"ix":6,"k":0},"s":{"a":0,"ix":3,"k":[100,100]},"sa":{"a":0,"ix":5,"k":0},"sk":{"a":0,"ix":4,"k":0},"ty":"tr"}],"ix":1,"mn":"ADBE Vector Group","nm":"Group 1","np":2,"ty":"gr"},{"e":{"a":0,"ix":2,"k":94.8},"hd":false,"ix":2,"m":1,"mn":"ADBE Vector Filter - Trim","nm":"Trim Paths 1","o":{"a":1,"ix":3,"k":[{"i":{"x":[0.536],"y":[0.356]},"o":{"x":[0.514],"y":[0.714]},"s":[-32],"t":0},{"i":{"x":[0.833],"y":[0.833]},"o":{"x":[0.167],"y":[0.167]},"s":[-396],"t":27},{"i":{"x":[0.833],"y":[0.833]},"o":{"x":[0.167],"y":[0.167]},"s":[-390],"t":29},{"i":{"x":[0.22],"y":[1]},"o":{"x":[0.167],"y":[0.167]},"s":[-394],"t":31},{"s":[-392],"t":35}]},"s":{"a":0,"ix":1,"k":69},"ty":"tm"}],"sr":1,"st":0,"ty":4},{"ao":0,"bm":0,"ddd":0,"ind":8,"ip":0,"ks":{"a":{"a":0,"ix":1,"k":[60,60,0],"l":2},"o":{"a":0,"ix":11,"k":100},"p":{"a":0,"ix":2,"k":[60,60,0],"l":2},"r":{"a":1,"ix":10,"k":[{"i":{"x":[0.667],"y":[1]},"o":{"x":[0.333],"y":[0]},"s":[-90],"t":8},{"i":{"x":[0.667],"y":[1]},"o":{"x":[0.167],"y":[0]},"s":[-180],"t":18},{"s":[-180],"t":35}]},"s":{"a":0,"ix":6,"k":[9,9,100],"l":2}},"nm":"NULL","op":120,"parent":1,"sr":1,"st":0,"ty":3},{"ao":0,"bm":0,"ddd":0,"ind":9,"ip":0,"ks":{"a":{"a":0,"ix":1,"k":[0,0,0],"l":2},"o":{"a":0,"ix":11,"k":100},"p":{"a":0,"ix":2,"k":[60,60,0],"l":2},"r":{"a":0,"ix":10,"k":0},"s":{"a":0,"ix":6,"k":[1111.111,1111.111,100],"l":2}},"nm":"Warstwa 3","op":120,"parent":8,"shapes":[{"bm":0,"cix":2,"hd":false,"it":[{"hd":false,"ind":0,"ix":1,"ks":{"a":0,"ix":2,"k":{"c":true,"i":[[-3.01,-10.006],[0.259,-5.112],[21.851,-1.107],[4.604,1.385],[-7.389,7.389],[0,0]],"o":[[1.385,4.604],[-1.107,21.851],[-5.112,0.259],[-10.006,-3.01],[0,0],[7.389,-7.389]],"v":[[41.194,-12.571],[42.954,2.075],[2.24,42.789],[-12.406,41.029],[-18.09,17.928],[18.093,-18.255]]}},"mn":"ADBE Vector Shape - Group","nm":"Path 1","ty":"sh"},{"bm":0,"c":{"a":0,"ix":3,"k":[0.03137254902,0.658823529412,0.541176470588,1],"x":"var $bm_rt;\n$bm_rt = comp('25-error-cross-outline').layer('Color  & Stroke Change').effect('Secondary')('Color');"},"hd":false,"lc":2,"lj":2,"mn":"ADBE Vector Graphic - Stroke","nm":"Stroke 1","o":{"a":0,"ix":4,"k":100},"ty":"st","w":{"a":0,"ix":5,"k":5.2,"x":"var $bm_rt;\n$bm_rt = $bm_mul(5.2 / 100, comp('25-error-cross-outline').layer('Color  & Stroke Change').effect('Stroke')('Slider'));"}},{"a":{"a":0,"ix":1,"k":[0,0]},"nm":"Transform","o":{"a":0,"ix":7,"k":100},"p":{"a":0,"ix":2,"k":[0,0]},"r":{"a":0,"ix":6,"k":0},"s":{"a":0,"ix":3,"k":[100,100]},"sa":{"a":0,"ix":5,"k":0},"sk":{"a":0,"ix":4,"k":0},"ty":"tr"}],"ix":1,"mn":"ADBE Vector Group","nm":"Group 1","np":2,"ty":"gr"},{"e":{"a":0,"ix":2,"k":94.8},"hd":false,"ix":2,"m":1,"mn":"ADBE Vector Filter - Trim","nm":"Trim Paths 1","o":{"a":1,"ix":3,"k":[{"i":{"x":[0.536],"y":[0.356]},"o":{"x":[0.514],"y":[0.714]},"s":[-32],"t":0},{"i":{"x":[0.833],"y":[0.833]},"o":{"x":[0.167],"y":[0.167]},"s":[-396],"t":27},{"i":{"x":[0.833],"y":[0.833]},"o":{"x":[0.167],"y":[0.167]},"s":[-390],"t":29},{"i":{"x":[0.22],"y":[1]},"o":{"x":[0.167],"y":[0.167]},"s":[-394],"t":31},{"s":[-392],"t":35}]},"s":{"a":0,"ix":1,"k":69},"ty":"tm"}],"sr":1,"st":0,"ty":4}]}],"ddd":0,"fr":24,"h":500,"ip":0,"layers":[{"ao":0,"bm":0,"ddd":0,"ef":[{"ef":[{"ix":1,"mn":"ADBE Checkbox Control-0001","nm":"Checkbox","ty":7,"v":{"a":0,"ix":1,"k":0}}],"en":1,"ix":1,"mn":"ADBE Checkbox Control","nm":"02092020002","np":3,"ty":5}],"ind":1,"ip":0,"ks":{"a":{"a":0,"ix":1,"k":[60,60,0],"l":2},"o":{"a":0,"ix":11,"k":0},"p":{"a":0,"ix":2,"k":[-105,15,0],"l":2},"r":{"a":0,"ix":10,"k":0},"s":{"a":0,"ix":6,"k":[100,100,100],"l":2}},"nm":"02092020","op":120,"sr":1,"st":0,"ty":3},{"ao":0,"bm":0,"cl":"com","ddd":0,"ind":2,"ip":1,"ks":{"a":{"a":0,"ix":1,"k":[79.934,0.369,0],"l":2},"o":{"a":0,"ix":11,"k":20,"x":"var $bm_rt;\nvar checkbox = thisComp.layer('02092020').effect('02092020002')('Checkbox');\nif (checkbox == 1) {\n    $bm_rt = 20;\n} else {\n    $bm_rt = 0;\n}\n;"},"p":{"a":0,"ix":2,"k":[249.934,481.369,0],"l":2},"r":{"a":0,"ix":10,"k":0},"s":{"a":0,"ix":6,"k":[265.159,265.159,100],"l":2}},"nm":"lordicon.com Outlines","op":10,"shapes":[{"bm":0,"cix":2,"hd":false,"it":[{"hd":false,"ind":0,"ix":1,"ks":{"a":0,"ix":2,"k":{"c":true,"i":[[0,0],[0,0],[0,0],[0,0],[0,0],[0,0]],"o":[[0,0],[0,0],[0,0],[0,0],[0,0],[0,0]],"v":[[1.415,0],[11.014,0],[11.014,-2.523],[4.656,-2.523],[4.656,-14.809],[1.415,-14.809]]}},"mn":"ADBE Vector Shape - Group","nm":"l","ty":"sh"},{"bm":0,"c":{"a":0,"ix":4,"k":[0,0,0,1]},"hd":false,"mn":"ADBE Vector Graphic - Fill","nm":"Fill 1","o":{"a":0,"ix":5,"k":100},"r":1,"ty":"fl"},{"a":{"a":0,"ix":1,"k":[0,0]},"nm":"Transform","o":{"a":0,"ix":7,"k":100},"p":{"a":0,"ix":2,"k":[0,0]},"r":{"a":0,"ix":6,"k":0},"s":{"a":0,"ix":3,"k":[100,100]},"sa":{"a":0,"ix":5,"k":0},"sk":{"a":0,"ix":4,"k":0},"ty":"tr"}],"ix":1,"mn":"ADBE Vector Group","nm":"l","np":3,"ty":"gr"},{"bm":0,"cix":2,"hd":false,"it":[{"hd":false,"ind":0,"ix":1,"ks":{"a":0,"ix":2,"k":{"c":true,"i":[[0,-3.938],[-1.62,-1.723],[-1.949,0],[-1.641,1.846],[0,2.154],[1.579,1.805],[1.579,0]],"o":[[0,1.354],[1.354,1.415],[1.231,0],[1.21,-1.354],[0,-1.456],[-1.456,-1.641],[-5.333,0]],"v":[[11.167,-7.199],[12.992,-1.661],[18.243,0.369],[23.514,-1.743],[25.381,-7.548],[23.494,-13.127],[18.284,-15.137]]}},"mn":"ADBE Vector Shape - Group","nm":"o","ty":"sh"},{"hd":false,"ind":1,"ix":2,"ks":{"a":0,"ix":2,"k":{"c":true,"i":[[0,1.415],[-0.841,1.026],[-1.19,0],[-0.615,-1.825],[0,-0.718],[0.492,-0.738],[1.292,0],[0.451,0.615]],"o":[[0,-1.682],[0.595,-0.759],[1.518,0],[0.308,0.902],[0,2.359],[-0.595,0.923],[-1.477,0],[-0.882,-1.149]],"v":[[14.49,-7.302],[15.577,-11.609],[18.305,-12.86],[21.689,-10.235],[22.058,-7.589],[21.053,-3.343],[18.284,-1.969],[15.597,-3.159]]}},"mn":"ADBE Vector Shape - Group","nm":"o","ty":"sh"},{"hd":false,"mm":1,"mn":"ADBE Vector Filter - Merge","nm":"Merge Paths 1","ty":"mm"},{"bm":0,"c":{"a":0,"ix":4,"k":[0,0,0,1]},"hd":false,"mn":"ADBE Vector Graphic - Fill","nm":"Fill 1","o":{"a":0,"ix":5,"k":100},"r":1,"ty":"fl"},{"a":{"a":0,"ix":1,"k":[0,0]},"nm":"Transform","o":{"a":0,"ix":7,"k":100},"p":{"a":0,"ix":2,"k":[0,0]},"r":{"a":0,"ix":6,"k":0},"s":{"a":0,"ix":3,"k":[100,100]},"sa":{"a":0,"ix":5,"k":0},"sk":{"a":0,"ix":4,"k":0},"ty":"tr"}],"ix":2,"mn":"ADBE Vector Group","nm":"o","np":5,"ty":"gr"},{"bm":0,"cix":2,"hd":false,"it":[{"hd":false,"ind":0,"ix":1,"ks":{"a":0,"ix":2,"k":{"c":true,"i":[[0,0],[0,0],[0,0],[0,0],[-0.287,-0.841],[-0.144,-0.82],[0,0],[0.164,0.656],[0.226,1.743],[2.236,0.205],[0,2.769],[0.923,0.8],[1.641,-0.021],[0,0]],"o":[[0,0],[0,0],[0,0],[0.533,0],[0.205,0.574],[0,0],[-0.164,-0.246],[-0.103,-0.41],[-0.267,-1.928],[0.718,-0.205],[0,-0.964],[-1.19,-1.026],[0,0],[0,0]],"v":[[27.381,0],[30.622,0],[30.622,-5.989],[33.411,-5.989],[35.011,-5.148],[35.811,0],[39.318,0],[38.867,-1.067],[38.416,-3.938],[35.749,-7.343],[38.847,-10.973],[37.554,-13.824],[33.063,-14.829],[27.381,-14.829]]}},"mn":"ADBE Vector Shape - Group","nm":"r","ty":"sh"},{"hd":false,"ind":1,"ix":2,"ks":{"a":0,"ix":2,"k":{"c":true,"i":[[0,0],[0,0],[-0.492,-0.349],[0,-1.005],[0.226,-0.164],[0.369,0],[0,0]],"o":[[0,0],[1.005,0],[0.287,0.185],[0,1.046],[-0.513,0.41],[0,0],[0,0]],"v":[[30.519,-12.491],[32.652,-12.491],[34.744,-12.142],[35.524,-10.481],[34.703,-8.758],[33.083,-8.348],[30.519,-8.348]]}},"mn":"ADBE Vector Shape - Group","nm":"r","ty":"sh"},{"hd":false,"mm":1,"mn":"ADBE Vector Filter - Merge","nm":"Merge Paths 1","ty":"mm"},{"bm":0,"c":{"a":0,"ix":4,"k":[0,0,0,1]},"hd":false,"mn":"ADBE Vector Graphic - Fill","nm":"Fill 1","o":{"a":0,"ix":5,"k":100},"r":1,"ty":"fl"},{"a":{"a":0,"ix":1,"k":[0,0]},"nm":"Transform","o":{"a":0,"ix":7,"k":100},"p":{"a":0,"ix":2,"k":[0,0]},"r":{"a":0,"ix":6,"k":0},"s":{"a":0,"ix":3,"k":[100,100]},"sa":{"a":0,"ix":5,"k":0},"sk":{"a":0,"ix":4,"k":0},"ty":"tr"}],"ix":3,"mn":"ADBE Vector Group","nm":"r","np":5,"ty":"gr"},{"bm":0,"cix":2,"hd":false,"it":[{"hd":false,"ind":0,"ix":1,"ks":{"a":0,"ix":2,"k":{"c":true,"i":[[0,0],[0,0],[-0.554,0.103],[0,4.553],[1.866,1.374],[0.82,0],[0,0]],"o":[[0,0],[1.497,0],[2.81,-0.513],[0,-2.113],[-1.784,-1.313],[0,0],[0,0]],"v":[[41.068,0],[45.683,0],[48.349,-0.164],[53.6,-7.609],[51.077,-13.434],[45.97,-14.768],[41.068,-14.788]]}},"mn":"ADBE Vector Shape - Group","nm":"d","ty":"sh"},{"hd":false,"ind":1,"ix":2,"ks":{"a":0,"ix":2,"k":{"c":true,"i":[[0,0],[-0.656,-0.185],[0,-2.092],[1.251,-1.251],[1.354,0],[0.349,0.021]],"o":[[1.825,-0.082],[1.99,0.554],[0,0.718],[-0.923,0.923],[-0.369,0],[0,0]],"v":[[44.288,-12.388],[47.611,-12.183],[50.318,-7.609],[48.985,-3.425],[45.539,-2.4],[44.288,-2.441]]}},"mn":"ADBE Vector Shape - Group","nm":"d","ty":"sh"},{"hd":false,"mm":1,"mn":"ADBE Vector Filter - Merge","nm":"Merge Paths 1","ty":"mm"},{"bm":0,"c":{"a":0,"ix":4,"k":[0,0,0,1]},"hd":false,"mn":"ADBE Vector Graphic - Fill","nm":"Fill 1","o":{"a":0,"ix":5,"k":100},"r":1,"ty":"fl"},{"a":{"a":0,"ix":1,"k":[0,0]},"nm":"Transform","o":{"a":0,"ix":7,"k":100},"p":{"a":0,"ix":2,"k":[0,0]},"r":{"a":0,"ix":6,"k":0},"s":{"a":0,"ix":3,"k":[100,100]},"sa":{"a":0,"ix":5,"k":0},"sk":{"a":0,"ix":4,"k":0},"ty":"tr"}],"ix":4,"mn":"ADBE Vector Group","nm":"d","np":5,"ty":"gr"},{"bm":0,"cix":2,"hd":false,"it":[{"hd":false,"ind":0,"ix":1,"ks":{"a":0,"ix":2,"k":{"c":true,"i":[[0,0],[0,0],[0,0],[0,0]],"o":[[0,0],[0,0],[0,0],[0,0]],"v":[[55.669,0],[58.849,0],[58.849,-14.87],[55.669,-14.87]]}},"mn":"ADBE Vector Shape - Group","nm":"i","ty":"sh"},{"bm":0,"c":{"a":0,"ix":4,"k":[0,0,0,1]},"hd":false,"mn":"ADBE Vector Graphic - Fill","nm":"Fill 1","o":{"a":0,"ix":5,"k":100},"r":1,"ty":"fl"},{"a":{"a":0,"ix":1,"k":[0,0]},"nm":"Transform","o":{"a":0,"ix":7,"k":100},"p":{"a":0,"ix":2,"k":[0,0]},"r":{"a":0,"ix":6,"k":0},"s":{"a":0,"ix":3,"k":[100,100]},"sa":{"a":0,"ix":5,"k":0},"sk":{"a":0,"ix":4,"k":0},"ty":"tr"}],"ix":5,"mn":"ADBE Vector Group","nm":"i","np":3,"ty":"gr"},{"bm":0,"cix":2,"hd":false,"it":[{"hd":false,"ind":0,"ix":1,"ks":{"a":0,"ix":2,"k":{"c":true,"i":[[0,0],[3.241,0],[0,-4.697],[-5.107,0],[-1.313,1.354],[-0.062,0.882],[0,0],[1.333,0],[0,0.882],[-2.359,0],[-0.062,-0.513]],"o":[[0,-2.954],[-4.164,0],[0,3.671],[1.354,0],[1.19,-1.231],[0,0],[-0.062,1.969],[-3.097,0],[0,-3.056],[2.154,0],[0,0]],"v":[[73.104,-9.989],[67.587,-14.911],[60.798,-7.097],[67.566,0.349],[71.894,-1.313],[73.227,-4.799],[69.884,-4.799],[67.218,-1.99],[64.121,-7.076],[67.464,-12.593],[69.864,-9.989]]}},"mn":"ADBE Vector Shape - Group","nm":"c","ty":"sh"},{"bm":0,"c":{"a":0,"ix":4,"k":[0,0,0,1]},"hd":false,"mn":"ADBE Vector Graphic - Fill","nm":"Fill 1","o":{"a":0,"ix":5,"k":100},"r":1,"ty":"fl"},{"a":{"a":0,"ix":1,"k":[0,0]},"nm":"Transform","o":{"a":0,"ix":7,"k":100},"p":{"a":0,"ix":2,"k":[0,0]},"r":{"a":0,"ix":6,"k":0},"s":{"a":0,"ix":3,"k":[100,100]},"sa":{"a":0,"ix":5,"k":0},"sk":{"a":0,"ix":4,"k":0},"ty":"tr"}],"ix":6,"mn":"ADBE Vector Group","nm":"c","np":3,"ty":"gr"},{"bm":0,"cix":2,"hd":false,"it":[{"hd":false,"ind":0,"ix":1,"ks":{"a":0,"ix":2,"k":{"c":true,"i":[[0,-3.938],[-1.62,-1.723],[-1.949,0],[-1.641,1.846],[0,2.154],[1.579,1.805],[1.579,0]],"o":[[0,1.354],[1.354,1.415],[1.231,0],[1.21,-1.354],[0,-1.456],[-1.456,-1.641],[-5.333,0]],"v":[[74.546,-7.199],[76.372,-1.661],[81.622,0.369],[86.894,-1.743],[88.76,-7.548],[86.873,-13.127],[81.663,-15.137]]}},"mn":"ADBE Vector Shape - Group","nm":"o","ty":"sh"},{"hd":false,"ind":1,"ix":2,"ks":{"a":0,"ix":2,"k":{"c":true,"i":[[0,1.415],[-0.841,1.026],[-1.19,0],[-0.615,-1.825],[0,-0.718],[0.492,-0.738],[1.292,0],[0.451,0.615]],"o":[[0,-1.682],[0.595,-0.759],[1.518,0],[0.308,0.902],[0,2.359],[-0.595,0.923],[-1.477,0],[-0.882,-1.149]],"v":[[77.869,-7.302],[78.956,-11.609],[81.684,-12.86],[85.068,-10.235],[85.437,-7.589],[84.432,-3.343],[81.663,-1.969],[78.977,-3.159]]}},"mn":"ADBE Vector Shape - Group","nm":"o","ty":"sh"},{"hd":false,"mm":1,"mn":"ADBE Vector Filter - Merge","nm":"Merge Paths 1","ty":"mm"},{"bm":0,"c":{"a":0,"ix":4,"k":[0,0,0,1]},"hd":false,"mn":"ADBE Vector Graphic - Fill","nm":"Fill 1","o":{"a":0,"ix":5,"k":100},"r":1,"ty":"fl"},{"a":{"a":0,"ix":1,"k":[0,0]},"nm":"Transform","o":{"a":0,"ix":7,"k":100},"p":{"a":0,"ix":2,"k":[0,0]},"r":{"a":0,"ix":6,"k":0},"s":{"a":0,"ix":3,"k":[100,100]},"sa":{"a":0,"ix":5,"k":0},"sk":{"a":0,"ix":4,"k":0},"ty":"tr"}],"ix":7,"mn":"ADBE Vector Group","nm":"o","np":5,"ty":"gr"},{"bm":0,"cix":2,"hd":false,"it":[{"hd":false,"ind":0,"ix":1,"ks":{"a":0,"ix":2,"k":{"c":true,"i":[[0,0],[0,0],[0,0],[0,0],[0,0],[0,0],[0,0],[0,0],[0,0],[0,0]],"o":[[0,0],[0,0],[0,0],[0,0],[0,0],[0,0],[0,0],[0,0],[0,0],[0,0]],"v":[[91.007,0],[94.001,0],[94.001,-12.306],[99.744,0],[104.113,0],[104.113,-14.829],[101.159,-14.829],[101.159,-3.159],[95.601,-14.829],[91.007,-14.829]]}},"mn":"ADBE Vector Shape - Group","nm":"n","ty":"sh"},{"bm":0,"c":{"a":0,"ix":4,"k":[0,0,0,1]},"hd":false,"mn":"ADBE Vector Graphic - Fill","nm":"Fill 1","o":{"a":0,"ix":5,"k":100},"r":1,"ty":"fl"},{"a":{"a":0,"ix":1,"k":[0,0]},"nm":"Transform","o":{"a":0,"ix":7,"k":100},"p":{"a":0,"ix":2,"k":[0,0]},"r":{"a":0,"ix":6,"k":0},"s":{"a":0,"ix":3,"k":[100,100]},"sa":{"a":0,"ix":5,"k":0},"sk":{"a":0,"ix":4,"k":0},"ty":"tr"}],"ix":8,"mn":"ADBE Vector Group","nm":"n","np":3,"ty":"gr"},{"bm":0,"cix":2,"hd":false,"it":[{"hd":false,"ind":0,"ix":1,"ks":{"a":0,"ix":2,"k":{"c":true,"i":[[0,0],[0,0],[0,0],[0,0]],"o":[[0,0],[0,0],[0,0],[0,0]],"v":[[106.893,0],[109.497,0],[109.497,-2.728],[106.893,-2.728]]}},"mn":"ADBE Vector Shape - Group","nm":".","ty":"sh"},{"bm":0,"c":{"a":0,"ix":4,"k":[0,0,0,1]},"hd":false,"mn":"ADBE Vector Graphic - Fill","nm":"Fill 1","o":{"a":0,"ix":5,"k":100},"r":1,"ty":"fl"},{"a":{"a":0,"ix":1,"k":[0,0]},"nm":"Transform","o":{"a":0,"ix":7,"k":100},"p":{"a":0,"ix":2,"k":[0,0]},"r":{"a":0,"ix":6,"k":0},"s":{"a":0,"ix":3,"k":[100,100]},"sa":{"a":0,"ix":5,"k":0},"sk":{"a":0,"ix":4,"k":0},"ty":"tr"}],"ix":9,"mn":"ADBE Vector Group","nm":".","np":3,"ty":"gr"},{"bm":0,"cix":2,"hd":false,"it":[{"hd":false,"ind":0,"ix":1,"ks":{"a":0,"ix":2,"k":{"c":true,"i":[[0,0],[3.241,0],[0,-4.697],[-5.107,0],[-1.313,1.354],[-0.062,0.882],[0,0],[1.333,0],[0,0.882],[-2.359,0],[-0.062,-0.513]],"o":[[0,-2.954],[-4.164,0],[0,3.671],[1.354,0],[1.19,-1.231],[0,0],[-0.062,1.969],[-3.097,0],[0,-3.056],[2.154,0],[0,0]],"v":[[124.04,-9.989],[118.523,-14.911],[111.734,-7.097],[118.502,0.349],[122.83,-1.313],[124.163,-4.799],[120.82,-4.799],[118.154,-1.99],[115.057,-7.076],[118.4,-12.593],[120.8,-9.989]]}},"mn":"ADBE Vector Shape - Group","nm":"c","ty":"sh"},{"bm":0,"c":{"a":0,"ix":4,"k":[0,0,0,1]},"hd":false,"mn":"ADBE Vector Graphic - Fill","nm":"Fill 1","o":{"a":0,"ix":5,"k":100},"r":1,"ty":"fl"},{"a":{"a":0,"ix":1,"k":[0,0]},"nm":"Transform","o":{"a":0,"ix":7,"k":100},"p":{"a":0,"ix":2,"k":[0,0]},"r":{"a":0,"ix":6,"k":0},"s":{"a":0,"ix":3,"k":[100,100]},"sa":{"a":0,"ix":5,"k":0},"sk":{"a":0,"ix":4,"k":0},"ty":"tr"}],"ix":10,"mn":"ADBE Vector Group","nm":"c","np":3,"ty":"gr"},{"bm":0,"cix":2,"hd":false,"it":[{"hd":false,"ind":0,"ix":1,"ks":{"a":0,"ix":2,"k":{"c":true,"i":[[0,-3.938],[-1.62,-1.723],[-1.949,0],[-1.641,1.846],[0,2.154],[1.579,1.805],[1.579,0]],"o":[[0,1.354],[1.354,1.415],[1.231,0],[1.21,-1.354],[0,-1.456],[-1.456,-1.641],[-5.333,0]],"v":[[125.482,-7.199],[127.308,-1.661],[132.558,0.369],[137.829,-1.743],[139.696,-7.548],[137.809,-13.127],[132.599,-15.137]]}},"mn":"ADBE Vector Shape - Group","nm":"o","ty":"sh"},{"hd":false,"ind":1,"ix":2,"ks":{"a":0,"ix":2,"k":{"c":true,"i":[[0,1.415],[-0.841,1.026],[-1.19,0],[-0.615,-1.825],[0,-0.718],[0.492,-0.738],[1.292,0],[0.451,0.615]],"o":[[0,-1.682],[0.595,-0.759],[1.518,0],[0.308,0.902],[0,2.359],[-0.595,0.923],[-1.477,0],[-0.882,-1.149]],"v":[[128.805,-7.302],[129.892,-11.609],[132.62,-12.86],[136.004,-10.235],[136.373,-7.589],[135.368,-3.343],[132.599,-1.969],[129.912,-3.159]]}},"mn":"ADBE Vector Shape - Group","nm":"o","ty":"sh"},{"hd":false,"mm":1,"mn":"ADBE Vector Filter - Merge","nm":"Merge Paths 1","ty":"mm"},{"bm":0,"c":{"a":0,"ix":4,"k":[0,0,0,1]},"hd":false,"mn":"ADBE Vector Graphic - Fill","nm":"Fill 1","o":{"a":0,"ix":5,"k":100},"r":1,"ty":"fl"},{"a":{"a":0,"ix":1,"k":[0,0]},"nm":"Transform","o":{"a":0,"ix":7,"k":100},"p":{"a":0,"ix":2,"k":[0,0]},"r":{"a":0,"ix":6,"k":0},"s":{"a":0,"ix":3,"k":[100,100]},"sa":{"a":0,"ix":5,"k":0},"sk":{"a":0,"ix":4,"k":0},"ty":"tr"}],"ix":11,"mn":"ADBE Vector Group","nm":"o","np":5,"ty":"gr"},{"bm":0,"cix":2,"hd":false,"it":[{"hd":false,"ind":0,"ix":1,"ks":{"a":0,"ix":2,"k":{"c":true,"i":[[0,0],[0,0],[0,0],[0,0],[0,0],[0,0],[0,0],[0,0],[0,0],[0,0],[0,0],[0,0],[0,0]],"o":[[0,0],[0,0],[0,0],[0,0],[0,0],[0,0],[0,0],[0,0],[0,0],[0,0],[0,0],[0,0],[0,0]],"v":[[141.696,0],[144.67,0],[144.67,-12.716],[148.629,0],[151.254,0],[155.295,-12.716],[155.295,0],[158.453,0],[158.453,-14.829],[153.408,-14.829],[150.024,-4.041],[146.885,-14.829],[141.696,-14.829]]}},"mn":"ADBE Vector Shape - Group","nm":"m","ty":"sh"},{"bm":0,"c":{"a":0,"ix":4,"k":[0,0,0,1]},"hd":false,"mn":"ADBE Vector Graphic - Fill","nm":"Fill 1","o":{"a":0,"ix":5,"k":100},"r":1,"ty":"fl"},{"a":{"a":0,"ix":1,"k":[0,0]},"nm":"Transform","o":{"a":0,"ix":7,"k":100},"p":{"a":0,"ix":2,"k":[0,0]},"r":{"a":0,"ix":6,"k":0},"s":{"a":0,"ix":3,"k":[100,100]},"sa":{"a":0,"ix":5,"k":0},"sk":{"a":0,"ix":4,"k":0},"ty":"tr"}],"ix":12,"mn":"ADBE Vector Group","nm":"m","np":3,"ty":"gr"}],"sr":1,"st":0,"ty":4},{"ao":0,"bm":0,"ddd":0,"ef":[{"ef":[{"ix":1,"mn":"ADBE Color Control-0001","nm":"Color","ty":2,"v":{"a":0,"ix":1,"k":[0.89,0.89,0.89]}}],"en":1,"ix":1,"mn":"ADBE Color Control","nm":"Primary","np":3,"ty":5},{"ef":[{"ix":1,"mn":"ADBE Color Control-0001","nm":"Color","ty":2,"v":{"a":0,"ix":1,"k":[0.98,0.322,0.627]}}],"en":1,"ix":2,"mn":"ADBE Color Control","nm":"Secondary","np":3,"ty":5},{"ef":[{"ix":1,"mn":"ADBE Slider Control-0001","nm":"Slider","ty":0,"v":{"a":0,"ix":1,"k":112}}],"en":1,"ix":3,"mn":"ADBE Slider Control","nm":"Stroke","np":3,"ty":5},{"ef":[{"ix":1,"mn":"ADBE Slider Control-0001","nm":"Slider","ty":0,"v":{"a":0,"ix":1,"k":100}}],"en":1,"ix":4,"mn":"ADBE Slider Control","nm":"Scale","np":3,"ty":5},{"ef":[{"ix":1,"mn":"ADBE Point Control-0001","nm":"Point","ty":3,"v":{"a":0,"ix":1,"k":[250,250]}}],"en":1,"ix":5,"mn":"ADBE Point Control","nm":"Axis","np":3,"ty":5}],"ind":3,"ip":0,"ks":{"a":{"a":0,"ix":1,"k":[0,0,0],"l":2},"o":{"a":0,"ix":11,"k":0},"p":{"a":0,"ix":2,"k":[0,0],"l":2},"r":{"a":0,"ix":10,"k":0},"s":{"a":0,"ix":6,"k":[100,100,100],"l":2}},"nm":"Color  & Stroke Change","op":120,"sr":1,"st":0,"ty":3},{"ao":0,"bm":0,"ddd":0,"ind":4,"ip":0,"ks":{"a":{"a":0,"ix":1,"k":[60,60,0],"l":2},"o":{"a":0,"ix":11,"k":0},"p":{"a":0,"ix":2,"k":[250,250,0],"l":2,"x":"var $bm_rt;\n$bm_rt = thisComp.layer('Color  & Stroke Change').effect('Axis')('Point');"},"r":{"a":0,"ix":10,"k":0},"s":{"a":0,"ix":6,"k":[100,100,100],"l":2,"x":"var $bm_rt;\nvar temp;\ntemp = thisComp.layer('Color  & Stroke Change').effect('Scale')('Slider');\n$bm_rt = [\n    temp,\n    temp\n];"}},"nm":"NULL 2","op":120,"sr":1,"st":0,"ty":3},{"ao":0,"bm":0,"ddd":0,"ind":5,"ip":0,"ks":{"a":{"a":0,"ix":1,"k":[60,60,0],"l":2},"o":{"a":0,"ix":11,"k":0},"p":{"a":0,"ix":2,"k":[60,60,0],"l":2},"r":{"a":0,"ix":10,"k":0},"s":{"a":0,"ix":6,"k":[373,373,100],"l":2}},"nm":"NULL","op":120,"parent":4,"sr":1,"st":0,"ty":3},{"ao":0,"bm":0,"ddd":0,"h":500,"ind":6,"ip":0,"ks":{"a":{"a":0,"ix":1,"k":[250,250,0],"l":2},"o":{"a":0,"ix":11,"k":100},"p":{"a":0,"ix":2,"k":[60,60,0],"l":2},"r":{"a":0,"ix":10,"k":0},"s":{"a":0,"ix":6,"k":[100,100,100],"l":2}},"nm":"Cross","op":120,"parent":4,"refId":"comp_0","sr":1,"st":0,"ty":0,"w":500},{"ao":0,"bm":0,"ddd":0,"ind":8,"ip":19,"ks":{"a":{"a":0,"ix":1,"k":[0,0,0],"l":2},"o":{"a":0,"ix":11,"k":100},"p":{"a":0,"ix":2,"k":[60,60,0],"l":2},"r":{"a":0,"ix":10,"k":0},"s":{"a":0,"ix":6,"k":[100,100,100],"l":2}},"nm":"outline 11","op":139,"parent":4,"shapes":[{"bm":0,"cix":2,"hd":false,"it":[{"hd":false,"ind":0,"ix":1,"ks":{"a":0,"ix":2,"k":{"c":true,"i":[[0,-88.488],[88.488,0],[0,88.488],[-88.488,0]],"o":[[0,88.488],[-88.488,0],[0,-88.488],[88.488,0]],"v":[[160.221,0],[0,160.221],[-160.221,0],[0,-160.221]]}},"mn":"ADBE Vector Shape - Group","nm":"Path 1","ty":"sh"},{"bm":0,"c":{"a":0,"ix":3,"k":[0.070588238537,0.074509806931,0.192156866193,1],"x":"var $bm_rt;\n$bm_rt = thisComp.layer('Color  & Stroke Change').effect('Primary')('Color');"},"hd":false,"lc":2,"lj":2,"mn":"ADBE Vector Graphic - Stroke","nm":"Stroke 1","o":{"a":0,"ix":4,"k":100},"ty":"st","w":{"a":0,"ix":5,"k":18,"x":"var $bm_rt;\n$bm_rt = $bm_mul(18 / 100, thisComp.layer('Color  & Stroke Change').effect('Stroke')('Slider'));"}},{"a":{"a":0,"ix":1,"k":[0,0]},"nm":"Transform","o":{"a":0,"ix":7,"k":100},"p":{"a":0,"ix":2,"k":[0,0]},"r":{"a":0,"ix":6,"k":0},"s":{"a":0,"ix":3,"k":[100,100]},"sa":{"a":0,"ix":5,"k":0},"sk":{"a":0,"ix":4,"k":0},"ty":"tr"}],"ix":1,"mn":"ADBE Vector Group","nm":"Group 1","np":2,"ty":"gr"},{"e":{"a":0,"ix":2,"k":25},"hd":false,"ix":2,"m":1,"mn":"ADBE Vector Filter - Trim","nm":"Trim Paths 1","o":{"a":0,"ix":3,"k":-41},"s":{"a":1,"ix":1,"k":[{"i":{"x":[0.833],"y":[0.833]},"o":{"x":[0.167],"y":[0.167]},"s":[25],"t":19},{"s":[0],"t":27}]},"ty":"tm"}],"sr":1,"st":19,"ty":4},{"ao":0,"bm":0,"ddd":0,"ind":9,"ip":19,"ks":{"a":{"a":0,"ix":1,"k":[0,0,0],"l":2},"o":{"a":0,"ix":11,"k":100},"p":{"a":0,"ix":2,"k":[60,60,0],"l":2},"r":{"a":0,"ix":10,"k":90},"s":{"a":0,"ix":6,"k":[100,100,100],"l":2}},"nm":"outline 10","op":139,"parent":4,"shapes":[{"bm":0,"cix":2,"hd":false,"it":[{"hd":false,"ind":0,"ix":1,"ks":{"a":0,"ix":2,"k":{"c":true,"i":[[0,-88.488],[88.488,0],[0,88.488],[-88.488,0]],"o":[[0,88.488],[-88.488,0],[0,-88.488],[88.488,0]],"v":[[160.221,0],[0,160.221],[-160.221,0],[0,-160.221]]}},"mn":"ADBE Vector Shape - Group","nm":"Path 1","ty":"sh"},{"bm":0,"c":{"a":0,"ix":3,"k":[0.070588238537,0.074509806931,0.192156866193,1],"x":"var $bm_rt;\n$bm_rt = thisComp.layer('Color  & Stroke Change').effect('Primary')('Color');"},"hd":false,"lc":2,"lj":2,"mn":"ADBE Vector Graphic - Stroke","nm":"Stroke 1","o":{"a":0,"ix":4,"k":100},"ty":"st","w":{"a":0,"ix":5,"k":18,"x":"var $bm_rt;\n$bm_rt = $bm_mul(18 / 100, thisComp.layer('Color  & Stroke Change').effect('Stroke')('Slider'));"}},{"a":{"a":0,"ix":1,"k":[0,0]},"nm":"Transform","o":{"a":0,"ix":7,"k":100},"p":{"a":0,"ix":2,"k":[0,0]},"r":{"a":0,"ix":6,"k":0},"s":{"a":0,"ix":3,"k":[100,100]},"sa":{"a":0,"ix":5,"k":0},"sk":{"a":0,"ix":4,"k":0},"ty":"tr"}],"ix":1,"mn":"ADBE Vector Group","nm":"Group 1","np":2,"ty":"gr"},{"e":{"a":0,"ix":2,"k":25},"hd":false,"ix":2,"m":1,"mn":"ADBE Vector Filter - Trim","nm":"Trim Paths 1","o":{"a":0,"ix":3,"k":-41},"s":{"a":1,"ix":1,"k":[{"i":{"x":[0.833],"y":[0.833]},"o":{"x":[0.167],"y":[0.167]},"s":[25],"t":19},{"s":[0],"t":27}]},"ty":"tm"}],"sr":1,"st":19,"ty":4},{"ao":0,"bm":0,"ddd":0,"ind":10,"ip":19,"ks":{"a":{"a":0,"ix":1,"k":[0,0,0],"l":2},"o":{"a":0,"ix":11,"k":100},"p":{"a":0,"ix":2,"k":[60,60,0],"l":2},"r":{"a":0,"ix":10,"k":180},"s":{"a":0,"ix":6,"k":[100,100,100],"l":2}},"nm":"outline 9","op":139,"parent":4,"shapes":[{"bm":0,"cix":2,"hd":false,"it":[{"hd":false,"ind":0,"ix":1,"ks":{"a":0,"ix":2,"k":{"c":true,"i":[[0,-88.488],[88.488,0],[0,88.488],[-88.488,0]],"o":[[0,88.488],[-88.488,0],[0,-88.488],[88.488,0]],"v":[[160.221,0],[0,160.221],[-160.221,0],[0,-160.221]]}},"mn":"ADBE Vector Shape - Group","nm":"Path 1","ty":"sh"},{"bm":0,"c":{"a":0,"ix":3,"k":[0.070588238537,0.074509806931,0.192156866193,1],"x":"var $bm_rt;\n$bm_rt = thisComp.layer('Color  & Stroke Change').effect('Primary')('Color');"},"hd":false,"lc":2,"lj":2,"mn":"ADBE Vector Graphic - Stroke","nm":"Stroke 1","o":{"a":0,"ix":4,"k":100},"ty":"st","w":{"a":0,"ix":5,"k":18,"x":"var $bm_rt;\n$bm_rt = $bm_mul(18 / 100, thisComp.layer('Color  & Stroke Change').effect('Stroke')('Slider'));"}},{"a":{"a":0,"ix":1,"k":[0,0]},"nm":"Transform","o":{"a":0,"ix":7,"k":100},"p":{"a":0,"ix":2,"k":[0,0]},"r":{"a":0,"ix":6,"k":0},"s":{"a":0,"ix":3,"k":[100,100]},"sa":{"a":0,"ix":5,"k":0},"sk":{"a":0,"ix":4,"k":0},"ty":"tr"}],"ix":1,"mn":"ADBE Vector Group","nm":"Group 1","np":2,"ty":"gr"},{"e":{"a":0,"ix":2,"k":25},"hd":false,"ix":2,"m":1,"mn":"ADBE Vector Filter - Trim","nm":"Trim Paths 1","o":{"a":0,"ix":3,"k":-41},"s":{"a":1,"ix":1,"k":[{"i":{"x":[0.833],"y":[0.833]},"o":{"x":[0.167],"y":[0.167]},"s":[25],"t":19},{"s":[0],"t":27}]},"ty":"tm"}],"sr":1,"st":19,"ty":4},{"ao":0,"bm":0,"ddd":0,"ind":11,"ip":19,"ks":{"a":{"a":0,"ix":1,"k":[0,0,0],"l":2},"o":{"a":0,"ix":11,"k":100},"p":{"a":0,"ix":2,"k":[60,60,0],"l":2},"r":{"a":0,"ix":10,"k":270},"s":{"a":0,"ix":6,"k":[100,100,100],"l":2}},"nm":"outline 8","op":139,"parent":4,"shapes":[{"bm":0,"cix":2,"hd":false,"it":[{"hd":false,"ind":0,"ix":1,"ks":{"a":0,"ix":2,"k":{"c":true,"i":[[0,-88.488],[88.488,0],[0,88.488],[-88.488,0]],"o":[[0,88.488],[-88.488,0],[0,-88.488],[88.488,0]],"v":[[160.221,0],[0,160.221],[-160.221,0],[0,-160.221]]}},"mn":"ADBE Vector Shape - Group","nm":"Path 1","ty":"sh"},{"bm":0,"c":{"a":0,"ix":3,"k":[0.070588238537,0.074509806931,0.192156866193,1],"x":"var $bm_rt;\n$bm_rt = thisComp.layer('Color  & Stroke Change').effect('Primary')('Color');"},"hd":false,"lc":2,"lj":2,"mn":"ADBE Vector Graphic - Stroke","nm":"Stroke 1","o":{"a":0,"ix":4,"k":100},"ty":"st","w":{"a":0,"ix":5,"k":18,"x":"var $bm_rt;\n$bm_rt = $bm_mul(18 / 100, thisComp.layer('Color  & Stroke Change').effect('Stroke')('Slider'));"}},{"a":{"a":0,"ix":1,"k":[0,0]},"nm":"Transform","o":{"a":0,"ix":7,"k":100},"p":{"a":0,"ix":2,"k":[0,0]},"r":{"a":0,"ix":6,"k":0},"s":{"a":0,"ix":3,"k":[100,100]},"sa":{"a":0,"ix":5,"k":0},"sk":{"a":0,"ix":4,"k":0},"ty":"tr"}],"ix":1,"mn":"ADBE Vector Group","nm":"Group 1","np":2,"ty":"gr"},{"e":{"a":0,"ix":2,"k":25},"hd":false,"ix":2,"m":1,"mn":"ADBE Vector Filter - Trim","nm":"Trim Paths 1","o":{"a":0,"ix":3,"k":-41},"s":{"a":1,"ix":1,"k":[{"i":{"x":[0.833],"y":[0.833]},"o":{"x":[0.167],"y":[0.167]},"s":[25],"t":19},{"s":[0],"t":27}]},"ty":"tm"}],"sr":1,"st":19,"ty":4},{"ao":0,"bm":0,"ddd":0,"ind":12,"ip":0,"ks":{"a":{"a":0,"ix":1,"k":[0,0,0],"l":2},"o":{"a":0,"ix":11,"k":100},"p":{"a":0,"ix":2,"k":[60,60,0],"l":2},"r":{"a":0,"ix":10,"k":270},"s":{"a":0,"ix":6,"k":[100,100,100],"l":2}},"nm":"outline 4","op":8,"parent":4,"shapes":[{"bm":0,"cix":2,"hd":false,"it":[{"hd":false,"ind":0,"ix":1,"ks":{"a":0,"ix":2,"k":{"c":true,"i":[[0,88.488],[88.488,0],[0,-88.488],[-88.488,0]],"o":[[0,-88.488],[-88.488,0],[0,88.488],[88.488,0]],"v":[[160.221,0],[0,-160.221],[-160.221,0],[0,160.221]]}},"mn":"ADBE Vector Shape - Group","nm":"Path 1","ty":"sh"},{"bm":0,"c":{"a":0,"ix":3,"k":[0.070588238537,0.074509806931,0.192156866193,1],"x":"var $bm_rt;\n$bm_rt = thisComp.layer('Color  & Stroke Change').effect('Primary')('Color');"},"hd":false,"lc":2,"lj":2,"mn":"ADBE Vector Graphic - Stroke","nm":"Stroke 1","o":{"a":0,"ix":4,"k":100},"ty":"st","w":{"a":0,"ix":5,"k":18,"x":"var $bm_rt;\n$bm_rt = $bm_mul(18 / 100, thisComp.layer('Color  & Stroke Change').effect('Stroke')('Slider'));"}},{"a":{"a":0,"ix":1,"k":[0,0]},"nm":"Transform","o":{"a":0,"ix":7,"k":100},"p":{"a":0,"ix":2,"k":[0,0]},"r":{"a":0,"ix":6,"k":0},"s":{"a":0,"ix":3,"k":[100,100]},"sa":{"a":0,"ix":5,"k":0},"sk":{"a":0,"ix":4,"k":0},"ty":"tr"}],"ix":1,"mn":"ADBE Vector Group","nm":"Group 1","np":2,"ty":"gr"},{"e":{"a":0,"ix":2,"k":25},"hd":false,"ix":2,"m":1,"mn":"ADBE Vector Filter - Trim","nm":"Trim Paths 1","o":{"a":0,"ix":3,"k":-41},"s":{"a":1,"ix":1,"k":[{"i":{"x":[0.833],"y":[0.833]},"o":{"x":[0.167],"y":[0.167]},"s":[0],"t":0},{"i":{"x":[0.833],"y":[0.833]},"o":{"x":[0.167],"y":[0.167]},"s":[6],"t":2},{"s":[25],"t":7}]},"ty":"tm"}],"sr":1,"st":0,"ty":4},{"ao":0,"bm":0,"ddd":0,"ind":13,"ip":0,"ks":{"a":{"a":0,"ix":1,"k":[0,0,0],"l":2},"o":{"a":0,"ix":11,"k":100},"p":{"a":0,"ix":2,"k":[60,60,0],"l":2},"r":{"a":0,"ix":10,"k":180},"s":{"a":0,"ix":6,"k":[100,100,100],"l":2}},"nm":"outline 3","op":8,"parent":4,"shapes":[{"bm":0,"cix":2,"hd":false,"it":[{"hd":false,"ind":0,"ix":1,"ks":{"a":0,"ix":2,"k":{"c":true,"i":[[0,88.488],[88.488,0],[0,-88.488],[-88.488,0]],"o":[[0,-88.488],[-88.488,0],[0,88.488],[88.488,0]],"v":[[160.221,0],[0,-160.221],[-160.221,0],[0,160.221]]}},"mn":"ADBE Vector Shape - Group","nm":"Path 1","ty":"sh"},{"bm":0,"c":{"a":0,"ix":3,"k":[0.070588238537,0.074509806931,0.192156866193,1],"x":"var $bm_rt;\n$bm_rt = thisComp.layer('Color  & Stroke Change').effect('Primary')('Color');"},"hd":false,"lc":2,"lj":2,"mn":"ADBE Vector Graphic - Stroke","nm":"Stroke 1","o":{"a":0,"ix":4,"k":100},"ty":"st","w":{"a":0,"ix":5,"k":18,"x":"var $bm_rt;\n$bm_rt = $bm_mul(18 / 100, thisComp.layer('Color  & Stroke Change').effect('Stroke')('Slider'));"}},{"a":{"a":0,"ix":1,"k":[0,0]},"nm":"Transform","o":{"a":0,"ix":7,"k":100},"p":{"a":0,"ix":2,"k":[0,0]},"r":{"a":0,"ix":6,"k":0},"s":{"a":0,"ix":3,"k":[100,100]},"sa":{"a":0,"ix":5,"k":0},"sk":{"a":0,"ix":4,"k":0},"ty":"tr"}],"ix":1,"mn":"ADBE Vector Group","nm":"Group 1","np":2,"ty":"gr"},{"e":{"a":0,"ix":2,"k":25},"hd":false,"ix":2,"m":1,"mn":"ADBE Vector Filter - Trim","nm":"Trim Paths 1","o":{"a":0,"ix":3,"k":-41},"s":{"a":1,"ix":1,"k":[{"i":{"x":[0.833],"y":[0.833]},"o":{"x":[0.167],"y":[0.167]},"s":[0],"t":0},{"i":{"x":[0.833],"y":[0.833]},"o":{"x":[0.167],"y":[0.167]},"s":[6],"t":2},{"s":[25],"t":7}]},"ty":"tm"}],"sr":1,"st":0,"ty":4},{"ao":0,"bm":0,"ddd":0,"ind":14,"ip":0,"ks":{"a":{"a":0,"ix":1,"k":[0,0,0],"l":2},"o":{"a":0,"ix":11,"k":100},"p":{"a":0,"ix":2,"k":[60,60,0],"l":2},"r":{"a":0,"ix":10,"k":90},"s":{"a":0,"ix":6,"k":[100,100,100],"l":2}},"nm":"outline 2","op":8,"parent":4,"shapes":[{"bm":0,"cix":2,"hd":false,"it":[{"hd":false,"ind":0,"ix":1,"ks":{"a":0,"ix":2,"k":{"c":true,"i":[[0,88.488],[88.488,0],[0,-88.488],[-88.488,0]],"o":[[0,-88.488],[-88.488,0],[0,88.488],[88.488,0]],"v":[[160.221,0],[0,-160.221],[-160.221,0],[0,160.221]]}},"mn":"ADBE Vector Shape - Group","nm":"Path 1","ty":"sh"},{"bm":0,"c":{"a":0,"ix":3,"k":[0.070588238537,0.074509806931,0.192156866193,1],"x":"var $bm_rt;\n$bm_rt = thisComp.layer('Color  & Stroke Change').effect('Primary')('Color');"},"hd":false,"lc":2,"lj":2,"mn":"ADBE Vector Graphic - Stroke","nm":"Stroke 1","o":{"a":0,"ix":4,"k":100},"ty":"st","w":{"a":0,"ix":5,"k":18,"x":"var $bm_rt;\n$bm_rt = $bm_mul(18 / 100, thisComp.layer('Color  & Stroke Change').effect('Stroke')('Slider'));"}},{"a":{"a":0,"ix":1,"k":[0,0]},"nm":"Transform","o":{"a":0,"ix":7,"k":100},"p":{"a":0,"ix":2,"k":[0,0]},"r":{"a":0,"ix":6,"k":0},"s":{"a":0,"ix":3,"k":[100,100]},"sa":{"a":0,"ix":5,"k":0},"sk":{"a":0,"ix":4,"k":0},"ty":"tr"}],"ix":1,"mn":"ADBE Vector Group","nm":"Group 1","np":2,"ty":"gr"},{"e":{"a":0,"ix":2,"k":25},"hd":false,"ix":2,"m":1,"mn":"ADBE Vector Filter - Trim","nm":"Trim Paths 1","o":{"a":0,"ix":3,"k":-41},"s":{"a":1,"ix":1,"k":[{"i":{"x":[0.833],"y":[0.833]},"o":{"x":[0.167],"y":[0.167]},"s":[0],"t":0},{"i":{"x":[0.833],"y":[0.833]},"o":{"x":[0.167],"y":[0.167]},"s":[6],"t":2},{"s":[25],"t":7}]},"ty":"tm"}],"sr":1,"st":0,"ty":4},{"ao":0,"bm":0,"ddd":0,"ind":15,"ip":0,"ks":{"a":{"a":0,"ix":1,"k":[0,0,0],"l":2},"o":{"a":0,"ix":11,"k":100},"p":{"a":0,"ix":2,"k":[60,60,0],"l":2},"r":{"a":0,"ix":10,"k":0},"s":{"a":0,"ix":6,"k":[100,100,100],"l":2}},"nm":"outline","op":8,"parent":4,"shapes":[{"bm":0,"cix":2,"hd":false,"it":[{"hd":false,"ind":0,"ix":1,"ks":{"a":0,"ix":2,"k":{"c":true,"i":[[0,88.488],[88.488,0],[0,-88.488],[-88.488,0]],"o":[[0,-88.488],[-88.488,0],[0,88.488],[88.488,0]],"v":[[160.221,0],[0,-160.221],[-160.221,0],[0,160.221]]}},"mn":"ADBE Vector Shape - Group","nm":"Path 1","ty":"sh"},{"bm":0,"c":{"a":0,"ix":3,"k":[0.070588238537,0.074509806931,0.192156866193,1],"x":"var $bm_rt;\n$bm_rt = thisComp.layer('Color  & Stroke Change').effect('Primary')('Color');"},"hd":false,"lc":2,"lj":2,"mn":"ADBE Vector Graphic - Stroke","nm":"Stroke 1","o":{"a":0,"ix":4,"k":100},"ty":"st","w":{"a":0,"ix":5,"k":18,"x":"var $bm_rt;\n$bm_rt = $bm_mul(18 / 100, thisComp.layer('Color  & Stroke Change').effect('Stroke')('Slider'));"}},{"a":{"a":0,"ix":1,"k":[0,0]},"nm":"Transform","o":{"a":0,"ix":7,"k":100},"p":{"a":0,"ix":2,"k":[0,0]},"r":{"a":0,"ix":6,"k":0},"s":{"a":0,"ix":3,"k":[100,100]},"sa":{"a":0,"ix":5,"k":0},"sk":{"a":0,"ix":4,"k":0},"ty":"tr"}],"ix":1,"mn":"ADBE Vector Group","nm":"Group 1","np":2,"ty":"gr"},{"e":{"a":0,"ix":2,"k":25},"hd":false,"ix":2,"m":1,"mn":"ADBE Vector Filter - Trim","nm":"Trim Paths 1","o":{"a":0,"ix":3,"k":-41},"s":{"a":1,"ix":1,"k":[{"i":{"x":[0.833],"y":[0.833]},"o":{"x":[0.167],"y":[0.167]},"s":[0],"t":0},{"i":{"x":[0.833],"y":[0.833]},"o":{"x":[0.167],"y":[0.167]},"s":[6],"t":2},{"s":[25],"t":7}]},"ty":"tm"}],"sr":1,"st":0,"ty":4}],"markers":[],"nm":"25-error-cross-outline","op":37,"v":"5.7.4","w":500}