{"assets":[],"ddd":0,"fr":60,"h":500,"ip":0,"layers":[{"ao":0,"bm":0,"ddd":0,"ef":[{"ef":[{"ix":1,"mn":"ADBE Checkbox Control-0001","nm":"Checkbox","ty":7,"v":{"a":0,"ix":1,"k":0}}],"en":1,"ix":1,"mn":"ADBE Checkbox Control","nm":"02092020002","np":3,"ty":5}],"ind":1,"ip":0,"ks":{"a":{"a":0,"ix":1,"k":[60,60,0],"l":2},"o":{"a":0,"ix":11,"k":0},"p":{"a":0,"ix":2,"k":[-105,15,0],"l":2},"r":{"a":0,"ix":10,"k":0},"s":{"a":0,"ix":6,"k":[100,100,100],"l":2}},"nm":"02092020","op":300,"sr":1,"st":0,"ty":3},{"ao":0,"bm":0,"cl":"com","ddd":0,"ind":2,"ip":2.5,"ks":{"a":{"a":0,"ix":1,"k":[79.934,0.369,0],"l":2},"o":{"a":0,"ix":11,"k":20,"x":"var $bm_rt;\nvar checkbox = thisComp.layer('02092020').effect('02092020002')('Checkbox');\nif (checkbox == 1) {\n    $bm_rt = 20;\n} else {\n    $bm_rt = 0;\n}\n;"},"p":{"a":0,"ix":2,"k":[249.934,481.369,0],"l":2},"r":{"a":0,"ix":10,"k":0},"s":{"a":0,"ix":6,"k":[265.159,265.159,100],"l":2}},"nm":"lordicon.com Outlines","op":25,"shapes":[{"bm":0,"cix":2,"hd":false,"it":[{"hd":false,"ind":0,"ix":1,"ks":{"a":0,"ix":2,"k":{"c":true,"i":[[0,0],[0,0],[0,0],[0,0],[0,0],[0,0]],"o":[[0,0],[0,0],[0,0],[0,0],[0,0],[0,0]],"v":[[1.415,0],[11.014,0],[11.014,-2.523],[4.656,-2.523],[4.656,-14.809],[1.415,-14.809]]}},"mn":"ADBE Vector Shape - Group","nm":"l","ty":"sh"},{"bm":0,"c":{"a":0,"ix":4,"k":[0,0,0,1]},"hd":false,"mn":"ADBE Vector Graphic - Fill","nm":"Fill 1","o":{"a":0,"ix":5,"k":100},"r":1,"ty":"fl"},{"a":{"a":0,"ix":1,"k":[0,0]},"nm":"Transform","o":{"a":0,"ix":7,"k":100},"p":{"a":0,"ix":2,"k":[0,0]},"r":{"a":0,"ix":6,"k":0},"s":{"a":0,"ix":3,"k":[100,100]},"sa":{"a":0,"ix":5,"k":0},"sk":{"a":0,"ix":4,"k":0},"ty":"tr"}],"ix":1,"mn":"ADBE Vector Group","nm":"l","np":3,"ty":"gr"},{"bm":0,"cix":2,"hd":false,"it":[{"hd":false,"ind":0,"ix":1,"ks":{"a":0,"ix":2,"k":{"c":true,"i":[[0,-3.938],[-1.62,-1.723],[-1.949,0],[-1.641,1.846],[0,2.154],[1.579,1.805],[1.579,0]],"o":[[0,1.354],[1.354,1.415],[1.231,0],[1.21,-1.354],[0,-1.456],[-1.456,-1.641],[-5.333,0]],"v":[[11.167,-7.199],[12.992,-1.661],[18.243,0.369],[23.514,-1.743],[25.381,-7.548],[23.494,-13.127],[18.284,-15.137]]}},"mn":"ADBE Vector Shape - Group","nm":"o","ty":"sh"},{"hd":false,"ind":1,"ix":2,"ks":{"a":0,"ix":2,"k":{"c":true,"i":[[0,1.415],[-0.841,1.026],[-1.19,0],[-0.615,-1.825],[0,-0.718],[0.492,-0.738],[1.292,0],[0.451,0.615]],"o":[[0,-1.682],[0.595,-0.759],[1.518,0],[0.308,0.902],[0,2.359],[-0.595,0.923],[-1.477,0],[-0.882,-1.149]],"v":[[14.49,-7.302],[15.577,-11.609],[18.305,-12.86],[21.689,-10.235],[22.058,-7.589],[21.053,-3.343],[18.284,-1.969],[15.597,-3.159]]}},"mn":"ADBE Vector Shape - Group","nm":"o","ty":"sh"},{"hd":false,"mm":1,"mn":"ADBE Vector Filter - Merge","nm":"Merge Paths 1","ty":"mm"},{"bm":0,"c":{"a":0,"ix":4,"k":[0,0,0,1]},"hd":false,"mn":"ADBE Vector Graphic - Fill","nm":"Fill 1","o":{"a":0,"ix":5,"k":100},"r":1,"ty":"fl"},{"a":{"a":0,"ix":1,"k":[0,0]},"nm":"Transform","o":{"a":0,"ix":7,"k":100},"p":{"a":0,"ix":2,"k":[0,0]},"r":{"a":0,"ix":6,"k":0},"s":{"a":0,"ix":3,"k":[100,100]},"sa":{"a":0,"ix":5,"k":0},"sk":{"a":0,"ix":4,"k":0},"ty":"tr"}],"ix":2,"mn":"ADBE Vector Group","nm":"o","np":5,"ty":"gr"},{"bm":0,"cix":2,"hd":false,"it":[{"hd":false,"ind":0,"ix":1,"ks":{"a":0,"ix":2,"k":{"c":true,"i":[[0,0],[0,0],[0,0],[0,0],[-0.287,-0.841],[-0.144,-0.82],[0,0],[0.164,0.656],[0.226,1.743],[2.236,0.205],[0,2.769],[0.923,0.8],[1.641,-0.021],[0,0]],"o":[[0,0],[0,0],[0,0],[0.533,0],[0.205,0.574],[0,0],[-0.164,-0.246],[-0.103,-0.41],[-0.267,-1.928],[0.718,-0.205],[0,-0.964],[-1.19,-1.026],[0,0],[0,0]],"v":[[27.381,0],[30.622,0],[30.622,-5.989],[33.411,-5.989],[35.011,-5.148],[35.811,0],[39.318,0],[38.867,-1.067],[38.416,-3.938],[35.749,-7.343],[38.847,-10.973],[37.554,-13.824],[33.063,-14.829],[27.381,-14.829]]}},"mn":"ADBE Vector Shape - Group","nm":"r","ty":"sh"},{"hd":false,"ind":1,"ix":2,"ks":{"a":0,"ix":2,"k":{"c":true,"i":[[0,0],[0,0],[-0.492,-0.349],[0,-1.005],[0.226,-0.164],[0.369,0],[0,0]],"o":[[0,0],[1.005,0],[0.287,0.185],[0,1.046],[-0.513,0.41],[0,0],[0,0]],"v":[[30.519,-12.491],[32.652,-12.491],[34.744,-12.142],[35.524,-10.481],[34.703,-8.758],[33.083,-8.348],[30.519,-8.348]]}},"mn":"ADBE Vector Shape - Group","nm":"r","ty":"sh"},{"hd":false,"mm":1,"mn":"ADBE Vector Filter - Merge","nm":"Merge Paths 1","ty":"mm"},{"bm":0,"c":{"a":0,"ix":4,"k":[0,0,0,1]},"hd":false,"mn":"ADBE Vector Graphic - Fill","nm":"Fill 1","o":{"a":0,"ix":5,"k":100},"r":1,"ty":"fl"},{"a":{"a":0,"ix":1,"k":[0,0]},"nm":"Transform","o":{"a":0,"ix":7,"k":100},"p":{"a":0,"ix":2,"k":[0,0]},"r":{"a":0,"ix":6,"k":0},"s":{"a":0,"ix":3,"k":[100,100]},"sa":{"a":0,"ix":5,"k":0},"sk":{"a":0,"ix":4,"k":0},"ty":"tr"}],"ix":3,"mn":"ADBE Vector Group","nm":"r","np":5,"ty":"gr"},{"bm":0,"cix":2,"hd":false,"it":[{"hd":false,"ind":0,"ix":1,"ks":{"a":0,"ix":2,"k":{"c":true,"i":[[0,0],[0,0],[-0.554,0.103],[0,4.553],[1.866,1.374],[0.82,0],[0,0]],"o":[[0,0],[1.497,0],[2.81,-0.513],[0,-2.113],[-1.784,-1.313],[0,0],[0,0]],"v":[[41.068,0],[45.683,0],[48.349,-0.164],[53.6,-7.609],[51.077,-13.434],[45.97,-14.768],[41.068,-14.788]]}},"mn":"ADBE Vector Shape - Group","nm":"d","ty":"sh"},{"hd":false,"ind":1,"ix":2,"ks":{"a":0,"ix":2,"k":{"c":true,"i":[[0,0],[-0.656,-0.185],[0,-2.092],[1.251,-1.251],[1.354,0],[0.349,0.021]],"o":[[1.825,-0.082],[1.99,0.554],[0,0.718],[-0.923,0.923],[-0.369,0],[0,0]],"v":[[44.288,-12.388],[47.611,-12.183],[50.318,-7.609],[48.985,-3.425],[45.539,-2.4],[44.288,-2.441]]}},"mn":"ADBE Vector Shape - Group","nm":"d","ty":"sh"},{"hd":false,"mm":1,"mn":"ADBE Vector Filter - Merge","nm":"Merge Paths 1","ty":"mm"},{"bm":0,"c":{"a":0,"ix":4,"k":[0,0,0,1]},"hd":false,"mn":"ADBE Vector Graphic - Fill","nm":"Fill 1","o":{"a":0,"ix":5,"k":100},"r":1,"ty":"fl"},{"a":{"a":0,"ix":1,"k":[0,0]},"nm":"Transform","o":{"a":0,"ix":7,"k":100},"p":{"a":0,"ix":2,"k":[0,0]},"r":{"a":0,"ix":6,"k":0},"s":{"a":0,"ix":3,"k":[100,100]},"sa":{"a":0,"ix":5,"k":0},"sk":{"a":0,"ix":4,"k":0},"ty":"tr"}],"ix":4,"mn":"ADBE Vector Group","nm":"d","np":5,"ty":"gr"},{"bm":0,"cix":2,"hd":false,"it":[{"hd":false,"ind":0,"ix":1,"ks":{"a":0,"ix":2,"k":{"c":true,"i":[[0,0],[0,0],[0,0],[0,0]],"o":[[0,0],[0,0],[0,0],[0,0]],"v":[[55.669,0],[58.849,0],[58.849,-14.87],[55.669,-14.87]]}},"mn":"ADBE Vector Shape - Group","nm":"i","ty":"sh"},{"bm":0,"c":{"a":0,"ix":4,"k":[0,0,0,1]},"hd":false,"mn":"ADBE Vector Graphic - Fill","nm":"Fill 1","o":{"a":0,"ix":5,"k":100},"r":1,"ty":"fl"},{"a":{"a":0,"ix":1,"k":[0,0]},"nm":"Transform","o":{"a":0,"ix":7,"k":100},"p":{"a":0,"ix":2,"k":[0,0]},"r":{"a":0,"ix":6,"k":0},"s":{"a":0,"ix":3,"k":[100,100]},"sa":{"a":0,"ix":5,"k":0},"sk":{"a":0,"ix":4,"k":0},"ty":"tr"}],"ix":5,"mn":"ADBE Vector Group","nm":"i","np":3,"ty":"gr"},{"bm":0,"cix":2,"hd":false,"it":[{"hd":false,"ind":0,"ix":1,"ks":{"a":0,"ix":2,"k":{"c":true,"i":[[0,0],[3.241,0],[0,-4.697],[-5.107,0],[-1.313,1.354],[-0.062,0.882],[0,0],[1.333,0],[0,0.882],[-2.359,0],[-0.062,-0.513]],"o":[[0,-2.954],[-4.164,0],[0,3.671],[1.354,0],[1.19,-1.231],[0,0],[-0.062,1.969],[-3.097,0],[0,-3.056],[2.154,0],[0,0]],"v":[[73.104,-9.989],[67.587,-14.911],[60.798,-7.097],[67.566,0.349],[71.894,-1.313],[73.227,-4.799],[69.884,-4.799],[67.218,-1.99],[64.121,-7.076],[67.464,-12.593],[69.864,-9.989]]}},"mn":"ADBE Vector Shape - Group","nm":"c","ty":"sh"},{"bm":0,"c":{"a":0,"ix":4,"k":[0,0,0,1]},"hd":false,"mn":"ADBE Vector Graphic - Fill","nm":"Fill 1","o":{"a":0,"ix":5,"k":100},"r":1,"ty":"fl"},{"a":{"a":0,"ix":1,"k":[0,0]},"nm":"Transform","o":{"a":0,"ix":7,"k":100},"p":{"a":0,"ix":2,"k":[0,0]},"r":{"a":0,"ix":6,"k":0},"s":{"a":0,"ix":3,"k":[100,100]},"sa":{"a":0,"ix":5,"k":0},"sk":{"a":0,"ix":4,"k":0},"ty":"tr"}],"ix":6,"mn":"ADBE Vector Group","nm":"c","np":3,"ty":"gr"},{"bm":0,"cix":2,"hd":false,"it":[{"hd":false,"ind":0,"ix":1,"ks":{"a":0,"ix":2,"k":{"c":true,"i":[[0,-3.938],[-1.62,-1.723],[-1.949,0],[-1.641,1.846],[0,2.154],[1.579,1.805],[1.579,0]],"o":[[0,1.354],[1.354,1.415],[1.231,0],[1.21,-1.354],[0,-1.456],[-1.456,-1.641],[-5.333,0]],"v":[[74.546,-7.199],[76.372,-1.661],[81.622,0.369],[86.894,-1.743],[88.76,-7.548],[86.873,-13.127],[81.663,-15.137]]}},"mn":"ADBE Vector Shape - Group","nm":"o","ty":"sh"},{"hd":false,"ind":1,"ix":2,"ks":{"a":0,"ix":2,"k":{"c":true,"i":[[0,1.415],[-0.841,1.026],[-1.19,0],[-0.615,-1.825],[0,-0.718],[0.492,-0.738],[1.292,0],[0.451,0.615]],"o":[[0,-1.682],[0.595,-0.759],[1.518,0],[0.308,0.902],[0,2.359],[-0.595,0.923],[-1.477,0],[-0.882,-1.149]],"v":[[77.869,-7.302],[78.956,-11.609],[81.684,-12.86],[85.068,-10.235],[85.437,-7.589],[84.432,-3.343],[81.663,-1.969],[78.977,-3.159]]}},"mn":"ADBE Vector Shape - Group","nm":"o","ty":"sh"},{"hd":false,"mm":1,"mn":"ADBE Vector Filter - Merge","nm":"Merge Paths 1","ty":"mm"},{"bm":0,"c":{"a":0,"ix":4,"k":[0,0,0,1]},"hd":false,"mn":"ADBE Vector Graphic - Fill","nm":"Fill 1","o":{"a":0,"ix":5,"k":100},"r":1,"ty":"fl"},{"a":{"a":0,"ix":1,"k":[0,0]},"nm":"Transform","o":{"a":0,"ix":7,"k":100},"p":{"a":0,"ix":2,"k":[0,0]},"r":{"a":0,"ix":6,"k":0},"s":{"a":0,"ix":3,"k":[100,100]},"sa":{"a":0,"ix":5,"k":0},"sk":{"a":0,"ix":4,"k":0},"ty":"tr"}],"ix":7,"mn":"ADBE Vector Group","nm":"o","np":5,"ty":"gr"},{"bm":0,"cix":2,"hd":false,"it":[{"hd":false,"ind":0,"ix":1,"ks":{"a":0,"ix":2,"k":{"c":true,"i":[[0,0],[0,0],[0,0],[0,0],[0,0],[0,0],[0,0],[0,0],[0,0],[0,0]],"o":[[0,0],[0,0],[0,0],[0,0],[0,0],[0,0],[0,0],[0,0],[0,0],[0,0]],"v":[[91.007,0],[94.001,0],[94.001,-12.306],[99.744,0],[104.113,0],[104.113,-14.829],[101.159,-14.829],[101.159,-3.159],[95.601,-14.829],[91.007,-14.829]]}},"mn":"ADBE Vector Shape - Group","nm":"n","ty":"sh"},{"bm":0,"c":{"a":0,"ix":4,"k":[0,0,0,1]},"hd":false,"mn":"ADBE Vector Graphic - Fill","nm":"Fill 1","o":{"a":0,"ix":5,"k":100},"r":1,"ty":"fl"},{"a":{"a":0,"ix":1,"k":[0,0]},"nm":"Transform","o":{"a":0,"ix":7,"k":100},"p":{"a":0,"ix":2,"k":[0,0]},"r":{"a":0,"ix":6,"k":0},"s":{"a":0,"ix":3,"k":[100,100]},"sa":{"a":0,"ix":5,"k":0},"sk":{"a":0,"ix":4,"k":0},"ty":"tr"}],"ix":8,"mn":"ADBE Vector Group","nm":"n","np":3,"ty":"gr"},{"bm":0,"cix":2,"hd":false,"it":[{"hd":false,"ind":0,"ix":1,"ks":{"a":0,"ix":2,"k":{"c":true,"i":[[0,0],[0,0],[0,0],[0,0]],"o":[[0,0],[0,0],[0,0],[0,0]],"v":[[106.893,0],[109.497,0],[109.497,-2.728],[106.893,-2.728]]}},"mn":"ADBE Vector Shape - Group","nm":".","ty":"sh"},{"bm":0,"c":{"a":0,"ix":4,"k":[0,0,0,1]},"hd":false,"mn":"ADBE Vector Graphic - Fill","nm":"Fill 1","o":{"a":0,"ix":5,"k":100},"r":1,"ty":"fl"},{"a":{"a":0,"ix":1,"k":[0,0]},"nm":"Transform","o":{"a":0,"ix":7,"k":100},"p":{"a":0,"ix":2,"k":[0,0]},"r":{"a":0,"ix":6,"k":0},"s":{"a":0,"ix":3,"k":[100,100]},"sa":{"a":0,"ix":5,"k":0},"sk":{"a":0,"ix":4,"k":0},"ty":"tr"}],"ix":9,"mn":"ADBE Vector Group","nm":".","np":3,"ty":"gr"},{"bm":0,"cix":2,"hd":false,"it":[{"hd":false,"ind":0,"ix":1,"ks":{"a":0,"ix":2,"k":{"c":true,"i":[[0,0],[3.241,0],[0,-4.697],[-5.107,0],[-1.313,1.354],[-0.062,0.882],[0,0],[1.333,0],[0,0.882],[-2.359,0],[-0.062,-0.513]],"o":[[0,-2.954],[-4.164,0],[0,3.671],[1.354,0],[1.19,-1.231],[0,0],[-0.062,1.969],[-3.097,0],[0,-3.056],[2.154,0],[0,0]],"v":[[124.04,-9.989],[118.523,-14.911],[111.734,-7.097],[118.502,0.349],[122.83,-1.313],[124.163,-4.799],[120.82,-4.799],[118.154,-1.99],[115.057,-7.076],[118.4,-12.593],[120.8,-9.989]]}},"mn":"ADBE Vector Shape - Group","nm":"c","ty":"sh"},{"bm":0,"c":{"a":0,"ix":4,"k":[0,0,0,1]},"hd":false,"mn":"ADBE Vector Graphic - Fill","nm":"Fill 1","o":{"a":0,"ix":5,"k":100},"r":1,"ty":"fl"},{"a":{"a":0,"ix":1,"k":[0,0]},"nm":"Transform","o":{"a":0,"ix":7,"k":100},"p":{"a":0,"ix":2,"k":[0,0]},"r":{"a":0,"ix":6,"k":0},"s":{"a":0,"ix":3,"k":[100,100]},"sa":{"a":0,"ix":5,"k":0},"sk":{"a":0,"ix":4,"k":0},"ty":"tr"}],"ix":10,"mn":"ADBE Vector Group","nm":"c","np":3,"ty":"gr"},{"bm":0,"cix":2,"hd":false,"it":[{"hd":false,"ind":0,"ix":1,"ks":{"a":0,"ix":2,"k":{"c":true,"i":[[0,-3.938],[-1.62,-1.723],[-1.949,0],[-1.641,1.846],[0,2.154],[1.579,1.805],[1.579,0]],"o":[[0,1.354],[1.354,1.415],[1.231,0],[1.21,-1.354],[0,-1.456],[-1.456,-1.641],[-5.333,0]],"v":[[125.482,-7.199],[127.308,-1.661],[132.558,0.369],[137.829,-1.743],[139.696,-7.548],[137.809,-13.127],[132.599,-15.137]]}},"mn":"ADBE Vector Shape - Group","nm":"o","ty":"sh"},{"hd":false,"ind":1,"ix":2,"ks":{"a":0,"ix":2,"k":{"c":true,"i":[[0,1.415],[-0.841,1.026],[-1.19,0],[-0.615,-1.825],[0,-0.718],[0.492,-0.738],[1.292,0],[0.451,0.615]],"o":[[0,-1.682],[0.595,-0.759],[1.518,0],[0.308,0.902],[0,2.359],[-0.595,0.923],[-1.477,0],[-0.882,-1.149]],"v":[[128.805,-7.302],[129.892,-11.609],[132.62,-12.86],[136.004,-10.235],[136.373,-7.589],[135.368,-3.343],[132.599,-1.969],[129.912,-3.159]]}},"mn":"ADBE Vector Shape - Group","nm":"o","ty":"sh"},{"hd":false,"mm":1,"mn":"ADBE Vector Filter - Merge","nm":"Merge Paths 1","ty":"mm"},{"bm":0,"c":{"a":0,"ix":4,"k":[0,0,0,1]},"hd":false,"mn":"ADBE Vector Graphic - Fill","nm":"Fill 1","o":{"a":0,"ix":5,"k":100},"r":1,"ty":"fl"},{"a":{"a":0,"ix":1,"k":[0,0]},"nm":"Transform","o":{"a":0,"ix":7,"k":100},"p":{"a":0,"ix":2,"k":[0,0]},"r":{"a":0,"ix":6,"k":0},"s":{"a":0,"ix":3,"k":[100,100]},"sa":{"a":0,"ix":5,"k":0},"sk":{"a":0,"ix":4,"k":0},"ty":"tr"}],"ix":11,"mn":"ADBE Vector Group","nm":"o","np":5,"ty":"gr"},{"bm":0,"cix":2,"hd":false,"it":[{"hd":false,"ind":0,"ix":1,"ks":{"a":0,"ix":2,"k":{"c":true,"i":[[0,0],[0,0],[0,0],[0,0],[0,0],[0,0],[0,0],[0,0],[0,0],[0,0],[0,0],[0,0],[0,0]],"o":[[0,0],[0,0],[0,0],[0,0],[0,0],[0,0],[0,0],[0,0],[0,0],[0,0],[0,0],[0,0],[0,0]],"v":[[141.696,0],[144.67,0],[144.67,-12.716],[148.629,0],[151.254,0],[155.295,-12.716],[155.295,0],[158.453,0],[158.453,-14.829],[153.408,-14.829],[150.024,-4.041],[146.885,-14.829],[141.696,-14.829]]}},"mn":"ADBE Vector Shape - Group","nm":"m","ty":"sh"},{"bm":0,"c":{"a":0,"ix":4,"k":[0,0,0,1]},"hd":false,"mn":"ADBE Vector Graphic - Fill","nm":"Fill 1","o":{"a":0,"ix":5,"k":100},"r":1,"ty":"fl"},{"a":{"a":0,"ix":1,"k":[0,0]},"nm":"Transform","o":{"a":0,"ix":7,"k":100},"p":{"a":0,"ix":2,"k":[0,0]},"r":{"a":0,"ix":6,"k":0},"s":{"a":0,"ix":3,"k":[100,100]},"sa":{"a":0,"ix":5,"k":0},"sk":{"a":0,"ix":4,"k":0},"ty":"tr"}],"ix":12,"mn":"ADBE Vector Group","nm":"m","np":3,"ty":"gr"}],"sr":1,"st":0,"ty":4},{"ao":0,"bm":0,"ddd":0,"ef":[{"ef":[{"ix":1,"mn":"ADBE Color Control-0001","nm":"Color","ty":2,"v":{"a":0,"ix":1,"k":[0.89,0.89,0.89]}}],"en":1,"ix":1,"mn":"ADBE Color Control","nm":"Primary","np":3,"ty":5},{"ef":[{"ix":1,"mn":"ADBE Color Control-0001","nm":"Color","ty":2,"v":{"a":0,"ix":1,"k":[1,0.812,0.306]}}],"en":1,"ix":2,"mn":"ADBE Color Control","nm":"Secondary","np":3,"ty":5},{"ef":[{"ix":1,"mn":"ADBE Slider Control-0001","nm":"Slider","ty":0,"v":{"a":0,"ix":1,"k":112}}],"en":1,"ix":3,"mn":"ADBE Slider Control","nm":"Stroke","np":3,"ty":5},{"ef":[{"ix":1,"mn":"ADBE Point Control-0001","nm":"Point","ty":3,"v":{"a":0,"ix":1,"k":[250,250]}}],"en":1,"ix":4,"mn":"ADBE Point Control","nm":"Axis","np":3,"ty":5},{"ef":[{"ix":1,"mn":"ADBE Slider Control-0001","nm":"Slider","ty":0,"v":{"a":0,"ix":1,"k":100}}],"en":1,"ix":5,"mn":"ADBE Slider Control","nm":"Scale","np":3,"ty":5}],"ind":3,"ip":0,"ks":{"a":{"a":0,"ix":1,"k":[0,0,0],"l":2},"o":{"a":0,"ix":11,"k":0},"p":{"a":0,"ix":2,"k":[0,0],"l":2},"r":{"a":0,"ix":10,"k":0},"s":{"a":0,"ix":6,"k":[100,100,100],"l":2}},"nm":"Color  & Stroke Change","op":300,"sr":1,"st":0,"ty":3},{"ao":0,"bm":0,"ddd":0,"ind":4,"ip":0,"ks":{"a":{"a":0,"ix":1,"k":[60,60,0],"l":2},"o":{"a":0,"ix":11,"k":0},"p":{"a":0,"ix":2,"k":[250,250,0],"l":2,"x":"var $bm_rt;\n$bm_rt = thisComp.layer('Color  & Stroke Change').effect('Axis')('Point');"},"r":{"a":0,"ix":10,"k":0},"s":{"a":0,"ix":6,"k":[100,100,100],"l":2,"x":"var $bm_rt;\nvar temp;\ntemp = thisComp.layer('Color  & Stroke Change').effect('Scale')('Slider');\n$bm_rt = [\n    temp,\n    temp\n];"}},"nm":"NULL","op":300,"sr":1,"st":0,"ty":3},{"ao":0,"bm":0,"ddd":0,"ind":5,"ip":0,"ks":{"a":{"a":0,"ix":1,"k":[0,-160.119,0],"l":2},"o":{"a":0,"ix":11,"k":100},"p":{"a":0,"ix":2,"k":[60,-100.119,0],"l":2},"r":{"a":0,"ix":10,"k":0},"s":{"a":0,"ix":6,"k":[100,100,100],"l":2}},"nm":"outline 11","op":844,"parent":4,"shapes":[{"bm":0,"cix":2,"hd":false,"it":[{"hd":false,"ind":0,"ix":1,"ks":{"a":0,"ix":2,"k":{"c":false,"i":[[0,0],[0,0]],"o":[[0,0],[0,0]],"v":[[133.433,-160.119],[-133.433,-160.119]]}},"mn":"ADBE Vector Shape - Group","nm":"Path 1","ty":"sh"},{"bm":0,"c":{"a":0,"ix":3,"k":[0.031372550875,0.658823549747,0.541176497936,1],"x":"var $bm_rt;\n$bm_rt = thisComp.layer('Color  & Stroke Change').effect('Secondary')('Color');"},"hd":false,"lc":2,"lj":2,"mn":"ADBE Vector Graphic - Stroke","nm":"Stroke 1","o":{"a":0,"ix":4,"k":100},"ty":"st","w":{"a":0,"ix":5,"k":12,"x":"var $bm_rt;\n$bm_rt = $bm_mul(17.2 / 100, thisComp.layer('Color  & Stroke Change').effect('Stroke')('Slider'));"}},{"a":{"a":0,"ix":1,"k":[0,0]},"nm":"Transform","o":{"a":0,"ix":7,"k":100},"p":{"a":0,"ix":2,"k":[0,0]},"r":{"a":0,"ix":6,"k":0},"s":{"a":0,"ix":3,"k":[100,100]},"sa":{"a":0,"ix":5,"k":0},"sk":{"a":0,"ix":4,"k":0},"ty":"tr"}],"ix":1,"mn":"ADBE Vector Group","nm":"Group 1","np":2,"ty":"gr"}],"sr":1,"st":0,"ty":4},{"ao":0,"bm":0,"ddd":0,"ind":6,"ip":0,"ks":{"a":{"a":0,"ix":1,"k":[0,0,0],"l":2},"o":{"a":0,"ix":11,"k":100},"p":{"a":0,"ix":2,"k":[60,60,0],"l":2},"r":{"a":0,"ix":10,"k":0},"s":{"a":0,"ix":6,"k":[100,100,100],"l":2}},"nm":"mask","op":844,"parent":4,"shapes":[{"bm":0,"cix":2,"hd":false,"it":[{"d":1,"hd":false,"mn":"ADBE Vector Shape - Rect","nm":"Rectangle Path 1","p":{"a":0,"ix":3,"k":[0,0]},"r":{"a":0,"ix":4,"k":0},"s":{"a":0,"ix":2,"k":[276,332]},"ty":"rc"},{"bm":0,"c":{"a":0,"ix":3,"k":[0,0,0,1]},"hd":false,"lc":1,"lj":1,"ml":4,"mn":"ADBE Vector Graphic - Stroke","nm":"Stroke 1","o":{"a":0,"ix":4,"k":100},"ty":"st","w":{"a":0,"ix":5,"k":0}},{"bm":0,"c":{"a":0,"ix":4,"k":[0.752940996955,0.015685999627,0.160783999574,1]},"hd":false,"mn":"ADBE Vector Graphic - Fill","nm":"Fill 1","o":{"a":0,"ix":5,"k":100},"r":1,"ty":"fl"},{"a":{"a":0,"ix":1,"k":[0,0]},"nm":"Transform","o":{"a":0,"ix":7,"k":100},"p":{"a":0,"ix":2,"k":[2,-326]},"r":{"a":0,"ix":6,"k":0},"s":{"a":0,"ix":3,"k":[100,100]},"sa":{"a":0,"ix":5,"k":0},"sk":{"a":0,"ix":4,"k":0},"ty":"tr"}],"ix":1,"mn":"ADBE Vector Group","nm":"Rectangle 1","np":3,"ty":"gr"}],"sr":1,"st":0,"td":1,"ty":4},{"ao":0,"bm":0,"ddd":0,"ind":7,"ip":29,"ks":{"a":{"a":0,"ix":1,"k":[0,0.086,0],"l":2},"o":{"a":0,"ix":11,"k":100},"p":{"a":1,"ix":2,"k":[{"i":{"x":0.667,"y":1},"o":{"x":0.333,"y":0},"s":[60,-224.914,0],"t":29,"ti":[0,0,0],"to":[0,0,0]},{"i":{"x":0.667,"y":1},"o":{"x":0.333,"y":0},"s":[60,-169.893,0],"t":37,"ti":[0,0,0],"to":[0,0,0]},{"i":{"x":0.667,"y":1},"o":{"x":0.333,"y":0},"s":[60,-180.164,0],"t":42,"ti":[0,0,0],"to":[0,0,0]},{"i":{"x":0.667,"y":1},"o":{"x":0.333,"y":0},"s":[60,-137.143,0],"t":50,"ti":[0,0,0],"to":[0,0,0]},{"i":{"x":0.667,"y":1},"o":{"x":0.333,"y":0},"s":[60,-150.664,0],"t":55,"ti":[0,0,0],"to":[0,0,0]},{"i":{"x":0.667,"y":1},"o":{"x":0.333,"y":0},"s":[60,-107.643,0],"t":63,"ti":[0,0,0],"to":[0,0,0]},{"i":{"x":0.667,"y":1},"o":{"x":0.333,"y":0},"s":[60,-120.164,0],"t":68,"ti":[0,0,0],"to":[0,0,0]},{"i":{"x":0.667,"y":1},"o":{"x":0.333,"y":0},"s":[60,-77.143,0],"t":76,"ti":[0,0,0],"to":[0,0,0]},{"i":{"x":0.667,"y":1},"o":{"x":0.333,"y":0},"s":[60,-90.164,0],"t":81,"ti":[0,0,0],"to":[0,0,0]},{"i":{"x":0.667,"y":1},"o":{"x":0.333,"y":0},"s":[60,-47.143,0],"t":89,"ti":[0,0,0],"to":[0,0,0]},{"i":{"x":0.667,"y":1},"o":{"x":0.333,"y":0},"s":[60,-60.664,0],"t":94,"ti":[0,0,0],"to":[0,0,0]},{"i":{"x":0.667,"y":1},"o":{"x":0.333,"y":0},"s":[60,-17.643,0],"t":102,"ti":[0,0,0],"to":[0,0,0]},{"i":{"x":0.667,"y":1},"o":{"x":0.333,"y":0},"s":[60,-30.164,0],"t":107,"ti":[0,0,0],"to":[0,0,0]},{"i":{"x":0.667,"y":1},"o":{"x":0.333,"y":0},"s":[60,12.857,0],"t":115,"ti":[0,0,0],"to":[0,0,0]},{"i":{"x":0.667,"y":1},"o":{"x":0.333,"y":0},"s":[60,-0.164,0],"t":120,"ti":[0,0,0],"to":[0,0,0]},{"i":{"x":0.667,"y":1},"o":{"x":0.333,"y":0},"s":[60,42.857,0],"t":128,"ti":[0,0,0],"to":[0,0,0]},{"i":{"x":0.667,"y":1},"o":{"x":0.333,"y":0},"s":[60,29.336,0],"t":133,"ti":[0,0,0],"to":[0,0,0]},{"i":{"x":0.667,"y":1},"o":{"x":0.333,"y":0},"s":[60,72.357,0],"t":141,"ti":[0,0,0],"to":[0,0,0]},{"s":[60,59.836,0],"t":146}],"l":2},"r":{"a":0,"ix":10,"k":0},"s":{"a":0,"ix":6,"k":[100,100,100],"l":2}},"nm":"outline 12","op":844,"parent":4,"shapes":[{"bm":0,"cix":2,"hd":false,"it":[{"bm":0,"cix":2,"hd":false,"it":[{"hd":false,"ind":0,"ix":1,"ks":{"a":1,"ix":2,"k":[{"i":{"x":0.667,"y":1},"o":{"x":0.333,"y":0},"s":[{"c":false,"i":[[0,0],[-8.567,-0.009],[-1.71,0.308],[-3.054,2.805],[0.115,4.15],[11.017,2.445],[-0.622,11.507],[-5.845,2.242],[-2.372,0.076],[-4.756,-7.254]],"o":[[5.691,6.465],[1.717,0.002],[4.082,-0.735],[3.054,-2.805],[-0.343,-12.433],[-10.374,-2.302],[0.337,-6.243],[2.286,-0.877],[8.695,-0.277],[0,0]],"v":[[26.391,62.172],[49.041,72.487],[54.186,72.041],[65.312,66.859],[70.283,55.869],[47.302,38.776],[27.729,22.43],[38.635,8.432],[45.665,7.039],[67.864,18.778]]}],"t":40},{"i":{"x":0.667,"y":1},"o":{"x":0.333,"y":0},"s":[{"c":false,"i":[[0,0],[-8.554,-0.469],[-1.723,0.217],[-3.194,2.644],[-0.099,4.151],[10.873,3.023],[-1.218,11.459],[-5.955,1.931],[-2.373,-0.054],[-4.376,-7.489]],"o":[[5.351,6.749],[1.714,0.09],[4.115,-0.523],[3.194,-2.644],[0.298,-12.434],[-10.241,-2.833],[0.659,-6.217],[2.328,-0.758],[8.698,0.171],[0,0]],"v":[[25.97,63.522],[48.058,74.99],[53.219,74.809],[64.597,70.208],[70.128,59.488],[48.058,41.235],[29.353,23.901],[40.966,10.484],[48.058,9.456],[69.623,22.322]]}],"t":53},{"i":{"x":0.667,"y":1},"o":{"x":0.333,"y":0},"s":[{"c":false,"i":[[0,0],[-8.565,-0.159],[-1.715,0.278],[-3.102,2.751],[0.042,4.152],[10.973,2.637],[-0.824,11.494],[-5.884,2.139],[-2.373,0.034],[-4.628,-7.336]],"o":[[5.577,6.563],[1.716,0.032],[4.094,-0.663],[3.102,-2.751],[-0.125,-12.437],[-10.332,-2.483],[0.447,-6.236],[2.301,-0.837],[8.699,-0.124],[0,0]],"v":[[30.618,63.092],[53.083,73.802],[58.235,73.446],[69.45,68.46],[74.614,57.559],[51.936,40.067],[32.652,23.379],[43.802,9.575],[50.855,8.306],[72.845,20.432]]}],"t":66},{"i":{"x":0.667,"y":1},"o":{"x":0.333,"y":0},"s":[{"c":false,"i":[[0,0],[-8.544,-0.623],[-1.727,0.184],[-3.247,2.579],[-0.183,4.148],[10.814,3.228],[-1.446,11.433],[-5.991,1.817],[-2.372,-0.095],[-4.224,-7.576]],"o":[[5.213,6.856],[1.712,0.125],[4.124,-0.44],[3.247,-2.579],[0.549,-12.425],[-10.182,-3.04],[0.784,-6.202],[2.343,-0.711],[8.693,0.347],[0,0]],"v":[[25.58,65.068],[47.432,76.981],[52.596,76.905],[64.064,72.534],[69.811,61.928],[48.114,43.232],[29.763,25.525],[41.645,12.345],[48.756,11.46],[70.057,24.76]]}],"t":79},{"i":{"x":0.667,"y":1},"o":{"x":0.333,"y":0},"s":[{"c":false,"i":[[0,0],[-8.565,-0.159],[-1.715,0.278],[-3.102,2.751],[0.042,4.152],[10.973,2.637],[-0.824,11.494],[-5.884,2.139],[-2.373,0.034],[-4.628,-7.336]],"o":[[5.577,6.563],[1.716,0.032],[4.094,-0.663],[3.102,-2.751],[-0.125,-12.437],[-10.332,-2.483],[0.447,-6.236],[2.301,-0.837],[8.699,-0.124],[0,0]],"v":[[30.618,63.092],[53.083,73.802],[58.235,73.446],[69.45,68.46],[74.614,57.559],[51.936,40.067],[32.652,23.379],[43.802,9.575],[50.855,8.306],[72.845,20.432]]}],"t":92},{"i":{"x":0.667,"y":1},"o":{"x":0.333,"y":0},"s":[{"c":false,"i":[[0,0],[-8.544,-0.623],[-1.727,0.184],[-3.247,2.579],[-0.183,4.148],[10.814,3.228],[-1.446,11.433],[-5.991,1.817],[-2.372,-0.095],[-4.224,-7.576]],"o":[[5.213,6.856],[1.712,0.125],[4.124,-0.44],[3.247,-2.579],[0.549,-12.425],[-10.182,-3.04],[0.784,-6.202],[2.343,-0.711],[8.693,0.347],[0,0]],"v":[[25.58,65.068],[47.432,76.981],[52.596,76.905],[64.064,72.534],[69.811,61.928],[48.114,43.232],[29.763,25.525],[41.645,12.345],[48.756,11.46],[70.057,24.76]]}],"t":105},{"i":{"x":0.667,"y":1},"o":{"x":0.333,"y":0},"s":[{"c":false,"i":[[0,0],[-8.565,-0.159],[-1.715,0.278],[-3.102,2.751],[0.042,4.152],[10.973,2.637],[-0.824,11.494],[-5.884,2.139],[-2.373,0.034],[-4.628,-7.336]],"o":[[5.577,6.563],[1.716,0.032],[4.094,-0.663],[3.102,-2.751],[-0.125,-12.437],[-10.332,-2.483],[0.447,-6.236],[2.301,-0.837],[8.699,-0.124],[0,0]],"v":[[30.618,63.092],[53.083,73.802],[58.235,73.446],[69.45,68.46],[74.614,57.559],[51.936,40.067],[32.652,23.379],[43.802,9.575],[50.855,8.306],[72.845,20.432]]}],"t":118},{"i":{"x":0.667,"y":1},"o":{"x":0.333,"y":0},"s":[{"c":false,"i":[[0,0],[-8.544,-0.623],[-1.727,0.184],[-3.247,2.579],[-0.183,4.148],[10.814,3.228],[-1.446,11.433],[-5.991,1.817],[-2.372,-0.095],[-4.224,-7.576]],"o":[[5.213,6.856],[1.712,0.125],[4.124,-0.44],[3.247,-2.579],[0.549,-12.425],[-10.182,-3.04],[0.784,-6.202],[2.343,-0.711],[8.693,0.347],[0,0]],"v":[[25.58,65.068],[47.432,76.981],[52.596,76.905],[64.064,72.534],[69.811,61.928],[48.114,43.232],[29.763,25.525],[41.645,12.345],[48.756,11.46],[70.057,24.76]]}],"t":131},{"i":{"x":0.667,"y":1},"o":{"x":0.333,"y":0},"s":[{"c":false,"i":[[0,0],[-8.565,-0.159],[-1.715,0.278],[-3.102,2.751],[0.042,4.152],[10.973,2.637],[-0.824,11.494],[-5.884,2.139],[-2.373,0.034],[-4.628,-7.336]],"o":[[5.577,6.563],[1.716,0.032],[4.094,-0.663],[3.102,-2.751],[-0.125,-12.437],[-10.332,-2.483],[0.447,-6.236],[2.301,-0.837],[8.699,-0.124],[0,0]],"v":[[30.618,63.092],[53.083,73.802],[58.235,73.446],[69.45,68.46],[74.614,57.559],[51.936,40.067],[32.652,23.379],[43.802,9.575],[50.855,8.306],[72.845,20.432]]}],"t":144},{"i":{"x":0.667,"y":1},"o":{"x":0.333,"y":0},"s":[{"c":false,"i":[[0,0],[-8.544,-0.623],[-1.727,0.184],[-3.247,2.579],[-0.183,4.148],[10.814,3.228],[-1.446,11.433],[-5.991,1.817],[-2.372,-0.095],[-4.224,-7.576]],"o":[[5.213,6.856],[1.712,0.125],[4.124,-0.44],[3.247,-2.579],[0.549,-12.425],[-10.182,-3.04],[0.784,-6.202],[2.343,-0.711],[8.693,0.347],[0,0]],"v":[[23.08,64.068],[44.932,75.981],[50.096,75.905],[61.564,71.534],[67.311,60.928],[45.614,42.232],[27.263,24.525],[39.145,11.345],[46.256,10.46],[67.557,23.76]]}],"t":157},{"i":{"x":0.667,"y":1},"o":{"x":0.167,"y":0},"s":[{"c":false,"i":[[0,0],[-8.564,-0.196],[-1.716,0.27],[-3.114,2.737],[0.024,4.152],[10.961,2.685],[-0.874,11.491],[-5.893,2.114],[-2.374,0.024],[-4.596,-7.356]],"o":[[5.548,6.588],[1.716,0.039],[4.097,-0.645],[3.114,-2.737],[-0.071,-12.437],[-10.321,-2.528],[0.474,-6.234],[2.304,-0.827],[8.699,-0.087],[0,0]],"v":[[28.221,62.748],[50.639,73.556],[55.793,73.223],[67.03,68.286],[72.24,57.407],[49.639,39.816],[30.428,23.045],[41.638,9.289],[48.696,8.051],[70.633,20.272]]}],"t":169},{"s":[{"c":false,"i":[[0,0],[-8.554,-0.469],[-1.723,0.217],[-3.194,2.644],[-0.099,4.151],[10.873,3.023],[-1.218,11.459],[-5.955,1.931],[-2.373,-0.054],[-4.376,-7.489]],"o":[[5.351,6.749],[1.714,0.09],[4.115,-0.523],[3.194,-2.644],[0.298,-12.434],[-10.241,-2.833],[0.659,-6.217],[2.328,-0.758],[8.698,0.171],[0,0]],"v":[[25.97,63.522],[48.058,74.99],[53.219,74.809],[64.597,70.208],[70.128,59.488],[48.058,41.235],[29.353,23.901],[40.966,10.484],[48.058,9.456],[69.623,22.322]]}],"t":181}]},"mn":"ADBE Vector Shape - Group","nm":"Path 1","ty":"sh"},{"hd":false,"ind":1,"ix":2,"ks":{"a":1,"ix":2,"k":[{"i":{"x":0.667,"y":1},"o":{"x":0.333,"y":0},"s":[{"c":false,"i":[[0,0],[0,0]],"o":[[0,0],[0,0]],"v":[[45.665,7.039],[45.046,-4.945]]}],"t":40},{"i":{"x":0.667,"y":1},"o":{"x":0.333,"y":0},"s":[{"c":false,"i":[[0,0],[0,0]],"o":[[0,0],[0,0]],"v":[[48.058,9.456],[48.058,-2.545]]}],"t":53},{"i":{"x":0.667,"y":1},"o":{"x":0.333,"y":0},"s":[{"c":false,"i":[[0,0],[0,0]],"o":[[0,0],[0,0]],"v":[[50.855,8.306],[50.447,-3.688]]}],"t":66},{"i":{"x":0.667,"y":1},"o":{"x":0.333,"y":0},"s":[{"c":false,"i":[[0,0],[0,0]],"o":[[0,0],[0,0]],"v":[[48.756,11.46],[48.999,-0.538]]}],"t":79},{"i":{"x":0.667,"y":1},"o":{"x":0.333,"y":0},"s":[{"c":false,"i":[[0,0],[0,0]],"o":[[0,0],[0,0]],"v":[[50.855,8.306],[50.447,-3.688]]}],"t":92},{"i":{"x":0.667,"y":1},"o":{"x":0.333,"y":0},"s":[{"c":false,"i":[[0,0],[0,0]],"o":[[0,0],[0,0]],"v":[[48.756,11.46],[48.999,-0.538]]}],"t":105},{"i":{"x":0.667,"y":1},"o":{"x":0.333,"y":0},"s":[{"c":false,"i":[[0,0],[0,0]],"o":[[0,0],[0,0]],"v":[[50.855,8.306],[50.447,-3.688]]}],"t":118},{"i":{"x":0.667,"y":1},"o":{"x":0.333,"y":0},"s":[{"c":false,"i":[[0,0],[0,0]],"o":[[0,0],[0,0]],"v":[[48.756,11.46],[48.999,-0.538]]}],"t":131},{"i":{"x":0.667,"y":1},"o":{"x":0.333,"y":0},"s":[{"c":false,"i":[[0,0],[0,0]],"o":[[0,0],[0,0]],"v":[[50.855,8.306],[50.447,-3.688]]}],"t":144},{"i":{"x":0.667,"y":1},"o":{"x":0.333,"y":0},"s":[{"c":false,"i":[[0,0],[0,0]],"o":[[0,0],[0,0]],"v":[[46.256,10.46],[46.499,-1.538]]}],"t":157},{"i":{"x":0.667,"y":1},"o":{"x":0.167,"y":0},"s":[{"c":false,"i":[[0,0],[0,0]],"o":[[0,0],[0,0]],"v":[[48.696,8.051],[48.34,-3.945]]}],"t":169},{"s":[{"c":false,"i":[[0,0],[0,0]],"o":[[0,0],[0,0]],"v":[[48.058,9.456],[48.058,-2.545]]}],"t":181}]},"mn":"ADBE Vector Shape - Group","nm":"Path 2","ty":"sh"},{"hd":false,"ind":2,"ix":3,"ks":{"a":1,"ix":2,"k":[{"i":{"x":0.667,"y":1},"o":{"x":0.333,"y":0},"s":[{"c":false,"i":[[0,0],[0,0]],"o":[[0,0],[0,0]],"v":[[49.843,88.022],[49.041,72.487]]}],"t":40},{"i":{"x":0.667,"y":1},"o":{"x":0.333,"y":0},"s":[{"c":false,"i":[[0,0],[0,0]],"o":[[0,0],[0,0]],"v":[[48.058,90.546],[48.058,74.99]]}],"t":53},{"i":{"x":0.667,"y":1},"o":{"x":0.333,"y":0},"s":[{"c":false,"i":[[0,0],[0,0]],"o":[[0,0],[0,0]],"v":[[53.612,89.349],[53.083,73.802]]}],"t":66},{"i":{"x":0.667,"y":1},"o":{"x":0.333,"y":0},"s":[{"c":false,"i":[[0,0],[0,0]],"o":[[0,0],[0,0]],"v":[[47.117,92.533],[47.432,76.981]]}],"t":79},{"i":{"x":0.667,"y":1},"o":{"x":0.333,"y":0},"s":[{"c":false,"i":[[0,0],[0,0]],"o":[[0,0],[0,0]],"v":[[53.612,89.349],[53.083,73.802]]}],"t":92},{"i":{"x":0.667,"y":1},"o":{"x":0.333,"y":0},"s":[{"c":false,"i":[[0,0],[0,0]],"o":[[0,0],[0,0]],"v":[[47.117,92.533],[47.432,76.981]]}],"t":105},{"i":{"x":0.667,"y":1},"o":{"x":0.333,"y":0},"s":[{"c":false,"i":[[0,0],[0,0]],"o":[[0,0],[0,0]],"v":[[53.612,89.349],[53.083,73.802]]}],"t":118},{"i":{"x":0.667,"y":1},"o":{"x":0.333,"y":0},"s":[{"c":false,"i":[[0,0],[0,0]],"o":[[0,0],[0,0]],"v":[[47.117,92.533],[47.432,76.981]]}],"t":131},{"i":{"x":0.667,"y":1},"o":{"x":0.333,"y":0},"s":[{"c":false,"i":[[0,0],[0,0]],"o":[[0,0],[0,0]],"v":[[53.612,89.349],[53.083,73.802]]}],"t":144},{"i":{"x":0.667,"y":1},"o":{"x":0.333,"y":0},"s":[{"c":false,"i":[[0,0],[0,0]],"o":[[0,0],[0,0]],"v":[[44.617,91.533],[44.932,75.981]]}],"t":157},{"i":{"x":0.667,"y":1},"o":{"x":0.167,"y":0},"s":[{"c":false,"i":[[0,0],[0,0]],"o":[[0,0],[0,0]],"v":[[51.101,89.105],[50.639,73.556]]}],"t":169},{"s":[{"c":false,"i":[[0,0],[0,0]],"o":[[0,0],[0,0]],"v":[[48.058,90.546],[48.058,74.99]]}],"t":181}]},"mn":"ADBE Vector Shape - Group","nm":"Path 3","ty":"sh"},{"bm":0,"c":{"a":0,"ix":3,"k":[0.031372550875,0.658823549747,0.541176497936,1],"x":"var $bm_rt;\n$bm_rt = thisComp.layer('Color  & Stroke Change').effect('Secondary')('Color');"},"hd":false,"lc":2,"lj":2,"mn":"ADBE Vector Graphic - Stroke","nm":"Stroke 1","o":{"a":0,"ix":4,"k":100},"ty":"st","w":{"a":0,"ix":5,"k":12,"x":"var $bm_rt;\n$bm_rt = $bm_mul(17.2 / 100, thisComp.layer('Color  & Stroke Change').effect('Stroke')('Slider'));"}},{"a":{"a":0,"ix":1,"k":[0,0]},"nm":"Transform","o":{"a":0,"ix":7,"k":100},"p":{"a":0,"ix":2,"k":[0,0]},"r":{"a":0,"ix":6,"k":0},"s":{"a":0,"ix":3,"k":[100,100]},"sa":{"a":0,"ix":5,"k":0},"sk":{"a":0,"ix":4,"k":0},"ty":"tr"}],"ix":1,"mn":"ADBE Vector Group","nm":"Group 1","np":4,"ty":"gr"},{"a":{"a":0,"ix":1,"k":[0,0]},"nm":"Transform","o":{"a":0,"ix":7,"k":100},"p":{"a":0,"ix":2,"k":[0,0]},"r":{"a":0,"ix":6,"k":0},"s":{"a":0,"ix":3,"k":[100,100]},"sa":{"a":0,"ix":5,"k":0},"sk":{"a":0,"ix":4,"k":0},"ty":"tr"}],"ix":1,"mn":"ADBE Vector Group","nm":"Group 1","np":1,"ty":"gr"},{"bm":0,"cix":2,"hd":false,"it":[{"hd":false,"ind":0,"ix":1,"ks":{"a":0,"ix":2,"k":{"c":false,"i":[[0,0],[0,0],[0,0],[0,0],[0,0],[0,0],[0,0]],"o":[[0,0],[0,0],[0,0],[0,0],[0,0],[0,0],[0,0]],"v":[[108.007,-129.844],[70.723,-147.804],[36.939,-124.732],[-0.347,-142.692],[-34.131,-119.619],[-71.421,-137.579],[-105.21,-114.507]]}},"mn":"ADBE Vector Shape - Group","nm":"Path 5","ty":"sh"},{"bm":0,"c":{"a":0,"ix":3,"k":[0.070588238537,0.074509806931,0.192156866193,1]},"hd":false,"lc":2,"lj":2,"mn":"ADBE Vector Graphic - Stroke","nm":"Stroke 1","o":{"a":0,"ix":4,"k":100},"ty":"st","w":{"a":0,"ix":5,"k":12}},{"a":{"a":0,"ix":1,"k":[0,0]},"nm":"Transform","o":{"a":0,"ix":7,"k":0},"p":{"a":0,"ix":2,"k":[0,0]},"r":{"a":0,"ix":6,"k":0},"s":{"a":0,"ix":3,"k":[100,100]},"sa":{"a":0,"ix":5,"k":0},"sk":{"a":0,"ix":4,"k":0},"ty":"tr"}],"ix":2,"mn":"ADBE Vector Group","nm":"Group 3","np":2,"ty":"gr"},{"bm":0,"cix":2,"hd":false,"it":[{"hd":false,"ind":0,"ix":1,"ks":{"a":1,"ix":2,"k":[{"i":{"x":0.667,"y":1},"o":{"x":0.333,"y":0},"s":[{"c":false,"i":[[0,0],[0,0]],"o":[[0,0],[0,0]],"v":[[-70.58,94.235],[-7.639,90.988]]}],"t":40},{"i":{"x":0.667,"y":1},"o":{"x":0.333,"y":0},"s":[{"c":false,"i":[[0,0],[0,0]],"o":[[0,0],[0,0]],"v":[[-72.525,90.546],[-9.5,90.546]]}],"t":53},{"i":{"x":0.667,"y":1},"o":{"x":0.333,"y":0},"s":[{"c":false,"i":[[0,0],[0,0]],"o":[[0,0],[0,0]],"v":[[-66.901,93.449],[-3.413,88.806]]}],"t":66},{"i":{"x":0.667,"y":1},"o":{"x":0.333,"y":0},"s":[{"c":false,"i":[[0,0],[0,0]],"o":[[0,0],[0,0]],"v":[[-73.025,89.046],[-10.5,91.546]]}],"t":79},{"i":{"x":0.667,"y":1},"o":{"x":0.333,"y":0},"s":[{"c":false,"i":[[0,0],[0,0]],"o":[[0,0],[0,0]],"v":[[-66.901,93.449],[-3.413,88.806]]}],"t":92},{"i":{"x":0.667,"y":1},"o":{"x":0.333,"y":0},"s":[{"c":false,"i":[[0,0],[0,0]],"o":[[0,0],[0,0]],"v":[[-73.025,89.046],[-10.5,91.546]]}],"t":105},{"i":{"x":0.667,"y":1},"o":{"x":0.333,"y":0},"s":[{"c":false,"i":[[0,0],[0,0]],"o":[[0,0],[0,0]],"v":[[-66.901,93.449],[-3.413,88.806]]}],"t":118},{"i":{"x":0.667,"y":1},"o":{"x":0.333,"y":0},"s":[{"c":false,"i":[[0,0],[0,0]],"o":[[0,0],[0,0]],"v":[[-73.025,89.046],[-10.5,91.546]]}],"t":131},{"i":{"x":0.667,"y":1},"o":{"x":0.333,"y":0},"s":[{"c":false,"i":[[0,0],[0,0]],"o":[[0,0],[0,0]],"v":[[-66.901,93.449],[-3.413,88.806]]}],"t":144},{"i":{"x":0.667,"y":1},"o":{"x":0.333,"y":0},"s":[{"c":false,"i":[[0,0],[0,0]],"o":[[0,0],[0,0]],"v":[[-75.525,88.046],[-13,90.546]]}],"t":157},{"i":{"x":0.667,"y":1},"o":{"x":0.167,"y":0},"s":[{"c":false,"i":[[0,0],[0,0]],"o":[[0,0],[0,0]],"v":[[-69.071,91.196],[-6.433,90.812]]}],"t":169},{"s":[{"c":false,"i":[[0,0],[0,0]],"o":[[0,0],[0,0]],"v":[[-72.525,90.546],[-9.5,90.546]]}],"t":181}]},"mn":"ADBE Vector Shape - Group","nm":"Path 1","ty":"sh"},{"hd":false,"ind":1,"ix":2,"ks":{"a":1,"ix":2,"k":[{"i":{"x":0.667,"y":1},"o":{"x":0.333,"y":0},"s":[{"c":false,"i":[[0,0],[0,0]],"o":[[0,0],[0,0]],"v":[[-72.979,47.751],[-10.038,44.504]]}],"t":40},{"i":{"x":0.667,"y":1},"o":{"x":0.333,"y":0},"s":[{"c":false,"i":[[0,0],[0,0]],"o":[[0,0],[0,0]],"v":[[-72.525,44],[-9.5,44]]}],"t":53},{"i":{"x":0.667,"y":1},"o":{"x":0.333,"y":0},"s":[{"c":false,"i":[[0,0],[0,0]],"o":[[0,0],[0,0]],"v":[[-68.484,46.931],[-5.995,44.288]]}],"t":66},{"i":{"x":0.667,"y":1},"o":{"x":0.333,"y":0},"s":[{"c":false,"i":[[0,0],[0,0]],"o":[[0,0],[0,0]],"v":[[-73.025,42.5],[-10.5,45]]}],"t":79},{"i":{"x":0.667,"y":1},"o":{"x":0.333,"y":0},"s":[{"c":false,"i":[[0,0],[0,0]],"o":[[0,0],[0,0]],"v":[[-68.484,46.931],[-5.995,44.288]]}],"t":92},{"i":{"x":0.667,"y":1},"o":{"x":0.333,"y":0},"s":[{"c":false,"i":[[0,0],[0,0]],"o":[[0,0],[0,0]],"v":[[-73.025,42.5],[-10.5,45]]}],"t":105},{"i":{"x":0.667,"y":1},"o":{"x":0.333,"y":0},"s":[{"c":false,"i":[[0,0],[0,0]],"o":[[0,0],[0,0]],"v":[[-68.484,46.931],[-5.995,44.288]]}],"t":118},{"i":{"x":0.667,"y":1},"o":{"x":0.333,"y":0},"s":[{"c":false,"i":[[0,0],[0,0]],"o":[[0,0],[0,0]],"v":[[-73.025,42.5],[-10.5,45]]}],"t":131},{"i":{"x":0.667,"y":1},"o":{"x":0.333,"y":0},"s":[{"c":false,"i":[[0,0],[0,0]],"o":[[0,0],[0,0]],"v":[[-68.484,46.931],[-5.995,44.288]]}],"t":144},{"i":{"x":0.667,"y":1},"o":{"x":0.333,"y":0},"s":[{"c":false,"i":[[0,0],[0,0]],"o":[[0,0],[0,0]],"v":[[-75.525,41.5],[-13,44]]}],"t":157},{"i":{"x":0.667,"y":1},"o":{"x":0.167,"y":0},"s":[{"c":false,"i":[[0,0],[0,0]],"o":[[0,0],[0,0]],"v":[[-70.023,44.661],[-7.813,44.287]]}],"t":169},{"s":[{"c":false,"i":[[0,0],[0,0]],"o":[[0,0],[0,0]],"v":[[-72.525,44],[-9.5,44]]}],"t":181}]},"mn":"ADBE Vector Shape - Group","nm":"Path 2","ty":"sh"},{"hd":false,"ind":2,"ix":3,"ks":{"a":1,"ix":2,"k":[{"i":{"x":0.667,"y":1},"o":{"x":0.333,"y":0},"s":[{"c":false,"i":[[0,0],[0,0]],"o":[[0,0],[0,0]],"v":[[-72.525,-114.062],[-9.5,-114.062]]}],"t":53},{"i":{"x":0.667,"y":1},"o":{"x":0.333,"y":0},"s":[{"c":false,"i":[[0,0],[0,0]],"o":[[0,0],[0,0]],"v":[[-72.525,-114.062],[-9.5,-114.062]]}],"t":66},{"i":{"x":0.667,"y":1},"o":{"x":0.333,"y":0},"s":[{"c":false,"i":[[0,0],[0,0]],"o":[[0,0],[0,0]],"v":[[-72.525,-114.062],[-9.5,-114.062]]}],"t":79},{"i":{"x":0.667,"y":1},"o":{"x":0.333,"y":0},"s":[{"c":false,"i":[[0,0],[0,0]],"o":[[0,0],[0,0]],"v":[[-72.525,-114.062],[-9.5,-114.062]]}],"t":92},{"i":{"x":0.667,"y":1},"o":{"x":0.333,"y":0},"s":[{"c":false,"i":[[0,0],[0,0]],"o":[[0,0],[0,0]],"v":[[-72.525,-114.062],[-9.5,-114.062]]}],"t":105},{"i":{"x":0.667,"y":1},"o":{"x":0.333,"y":0},"s":[{"c":false,"i":[[0,0],[0,0]],"o":[[0,0],[0,0]],"v":[[-72.525,-114.062],[-9.5,-114.062]]}],"t":118},{"i":{"x":0.667,"y":1},"o":{"x":0.333,"y":0},"s":[{"c":false,"i":[[0,0],[0,0]],"o":[[0,0],[0,0]],"v":[[-72.525,-114.062],[-9.5,-114.062]]}],"t":131},{"i":{"x":0.667,"y":1},"o":{"x":0.333,"y":0},"s":[{"c":false,"i":[[0,0],[0,0]],"o":[[0,0],[0,0]],"v":[[-72.525,-114.062],[-9.5,-114.062]]}],"t":144},{"i":{"x":0.667,"y":1},"o":{"x":0.333,"y":0},"s":[{"c":false,"i":[[0,0],[0,0]],"o":[[0,0],[0,0]],"v":[[-72.525,-114.062],[-9.5,-114.062]]}],"t":157},{"i":{"x":0.667,"y":1},"o":{"x":0.167,"y":0},"s":[{"c":false,"i":[[0,0],[0,0]],"o":[[0,0],[0,0]],"v":[[-72.525,-114.062],[-9.5,-114.062]]}],"t":169},{"s":[{"c":false,"i":[[0,0],[0,0]],"o":[[0,0],[0,0]],"v":[[-72.525,-114.062],[-9.5,-114.062]]}],"t":181}]},"mn":"ADBE Vector Shape - Group","nm":"Path 3","ty":"sh"},{"hd":false,"ind":3,"ix":4,"ks":{"a":1,"ix":2,"k":[{"i":{"x":0.667,"y":1},"o":{"x":0.333,"y":0},"s":[{"c":false,"i":[[0,0],[0,0]],"o":[[0,0],[0,0]],"v":[[-75.377,1.268],[-12.436,-1.98]]}],"t":40},{"i":{"x":0.667,"y":1},"o":{"x":0.333,"y":0},"s":[{"c":false,"i":[[0,0],[0,0]],"o":[[0,0],[0,0]],"v":[[-72.525,-2.545],[-9.5,-2.545]]}],"t":53},{"i":{"x":0.667,"y":1},"o":{"x":0.333,"y":0},"s":[{"c":false,"i":[[0,0],[0,0]],"o":[[0,0],[0,0]],"v":[[-70.066,0.412],[-7.078,-1.731]]}],"t":66},{"i":{"x":0.667,"y":1},"o":{"x":0.333,"y":0},"s":[{"c":false,"i":[[0,0],[0,0]],"o":[[0,0],[0,0]],"v":[[-71.525,-3.545],[-10.5,-1.545]]}],"t":79},{"i":{"x":0.667,"y":1},"o":{"x":0.333,"y":0},"s":[{"c":false,"i":[[0,0],[0,0]],"o":[[0,0],[0,0]],"v":[[-70.066,0.412],[-7.078,-1.731]]}],"t":92},{"i":{"x":0.667,"y":1},"o":{"x":0.333,"y":0},"s":[{"c":false,"i":[[0,0],[0,0]],"o":[[0,0],[0,0]],"v":[[-71.525,-3.545],[-10.5,-1.545]]}],"t":105},{"i":{"x":0.667,"y":1},"o":{"x":0.333,"y":0},"s":[{"c":false,"i":[[0,0],[0,0]],"o":[[0,0],[0,0]],"v":[[-70.066,0.412],[-7.078,-1.731]]}],"t":118},{"i":{"x":0.667,"y":1},"o":{"x":0.333,"y":0},"s":[{"c":false,"i":[[0,0],[0,0]],"o":[[0,0],[0,0]],"v":[[-71.525,-3.545],[-10.5,-1.545]]}],"t":131},{"i":{"x":0.667,"y":1},"o":{"x":0.333,"y":0},"s":[{"c":false,"i":[[0,0],[0,0]],"o":[[0,0],[0,0]],"v":[[-70.066,0.412],[-7.078,-1.731]]}],"t":144},{"i":{"x":0.667,"y":1},"o":{"x":0.333,"y":0},"s":[{"c":false,"i":[[0,0],[0,0]],"o":[[0,0],[0,0]],"v":[[-74.025,-4.545],[-13,-2.545]]}],"t":157},{"i":{"x":0.667,"y":1},"o":{"x":0.167,"y":0},"s":[{"c":false,"i":[[0,0],[0,0]],"o":[[0,0],[0,0]],"v":[[-70.976,-1.875],[-9.193,-2.238]]}],"t":169},{"s":[{"c":false,"i":[[0,0],[0,0]],"o":[[0,0],[0,0]],"v":[[-72.525,-2.545],[-9.5,-2.545]]}],"t":181}]},"mn":"ADBE Vector Shape - Group","nm":"Path 4","ty":"sh"},{"hd":false,"ind":4,"ix":5,"ks":{"a":1,"ix":2,"k":[{"i":{"x":0.667,"y":1},"o":{"x":0.333,"y":0},"s":[{"c":false,"i":[[0,0],[0,0],[0,0],[0,0],[0,0],[0,0],[0,0],[0,0],[0,105.565]],"o":[[0,105.565],[0,0],[0,0],[0,0],[0,0],[0,0],[0,0],[0,0],[0,0]],"v":[[108.22,-158.262],[113.423,152.721],[76.355,134.33],[41.377,156.438],[4.307,138.047],[-30.673,160.155],[-67.746,141.764],[-102.73,163.872],[-108.22,-158.262]]}],"t":40},{"i":{"x":0.667,"y":1},"o":{"x":0.333,"y":0},"s":[{"c":false,"i":[[0,0],[0,0],[0,0],[0,0],[0,0],[0,0],[0,0],[0,0],[0,105.565]],"o":[[0,105.565],[0,0],[0,0],[0,0],[0,0],[0,0],[0,0],[0,0],[0,0]],"v":[[108.22,-158.262],[102.13,163.472],[67.044,141.535],[30.066,160.106],[-5.022,138.169],[-42,156.741],[-77.092,134.803],[-114.076,153.374],[-108.22,-158.262]]}],"t":53},{"i":{"x":0.667,"y":1},"o":{"x":0.333,"y":0},"s":[{"c":false,"i":[[0,0],[0,0],[0,0],[0,0],[0,0],[0,0],[0,0],[0,0],[0,105.565]],"o":[[0,105.565],[0,0],[0,0],[0,0],[0,0],[0,0],[0,0],[0,0],[0,0]],"v":[[108.22,-158.262],[114.884,156.607],[78.302,137.268],[42.766,158.468],[6.181,139.129],[-29.355,160.329],[-65.943,140.99],[-101.485,162.191],[-108.22,-158.262]]}],"t":66},{"i":{"x":0.667,"y":1},"o":{"x":0.333,"y":0},"s":[{"c":false,"i":[[0,0],[0,0],[0,0],[0,0],[0,0],[0,0],[0,0],[0,0],[0,105.565]],"o":[[0,105.565],[0,0],[0,0],[0,0],[0,0],[0,0],[0,0],[0,0],[0,0]],"v":[[108.22,-158.262],[102.13,163.472],[67.044,141.535],[30.066,160.106],[-5.022,138.169],[-42,156.741],[-77.092,134.803],[-114.076,153.374],[-108.22,-158.262]]}],"t":79},{"i":{"x":0.667,"y":1},"o":{"x":0.333,"y":0},"s":[{"c":false,"i":[[0,0],[0,0],[0,0],[0,0],[0,0],[0,0],[0,0],[0,0],[0,105.565]],"o":[[0,105.565],[0,0],[0,0],[0,0],[0,0],[0,0],[0,0],[0,0],[0,0]],"v":[[108.22,-158.262],[114.884,156.607],[78.302,137.268],[42.766,158.468],[6.181,139.129],[-29.355,160.329],[-65.943,140.99],[-101.485,162.191],[-108.22,-158.262]]}],"t":92},{"i":{"x":0.667,"y":1},"o":{"x":0.333,"y":0},"s":[{"c":false,"i":[[0,0],[0,0],[0,0],[0,0],[0,0],[0,0],[0,0],[0,0],[0,105.565]],"o":[[0,105.565],[0,0],[0,0],[0,0],[0,0],[0,0],[0,0],[0,0],[0,0]],"v":[[108.22,-158.262],[102.13,163.472],[67.044,141.535],[30.066,160.106],[-5.022,138.169],[-42,156.741],[-77.092,134.803],[-114.076,153.374],[-108.22,-158.262]]}],"t":105},{"i":{"x":0.667,"y":1},"o":{"x":0.333,"y":0},"s":[{"c":false,"i":[[0,0],[0,0],[0,0],[0,0],[0,0],[0,0],[0,0],[0,0],[0,105.565]],"o":[[0,105.565],[0,0],[0,0],[0,0],[0,0],[0,0],[0,0],[0,0],[0,0]],"v":[[108.22,-158.262],[114.884,156.607],[78.302,137.268],[42.766,158.468],[6.181,139.129],[-29.355,160.329],[-65.943,140.99],[-101.485,162.191],[-108.22,-158.262]]}],"t":118},{"i":{"x":0.667,"y":1},"o":{"x":0.333,"y":0},"s":[{"c":false,"i":[[0,0],[0,0],[0,0],[0,0],[0,0],[0,0],[0,0],[0,0],[0,105.565]],"o":[[0,105.565],[0,0],[0,0],[0,0],[0,0],[0,0],[0,0],[0,0],[0,0]],"v":[[108.22,-158.262],[102.13,163.472],[67.044,141.535],[30.066,160.106],[-5.022,138.169],[-42,156.741],[-77.092,134.803],[-114.076,153.374],[-108.22,-158.262]]}],"t":131},{"i":{"x":0.667,"y":1},"o":{"x":0.333,"y":0},"s":[{"c":false,"i":[[0,0],[0,0],[0,0],[0,0],[0,0],[0,0],[0,0],[0,0],[0,105.565]],"o":[[0,105.565],[0,0],[0,0],[0,0],[0,0],[0,0],[0,0],[0,0],[0,0]],"v":[[108.441,-168.262],[114.884,156.607],[78.302,137.268],[42.766,158.468],[6.181,139.129],[-29.355,160.329],[-65.943,140.99],[-101.485,162.191],[-108,-168.262]]}],"t":144},{"i":{"x":0.667,"y":1},"o":{"x":0.333,"y":0},"s":[{"c":false,"i":[[0,0],[0,0],[0,0],[0,0],[0,0],[0,0],[0,0],[0,0],[0,105.565]],"o":[[0,105.565],[0,0],[0,0],[0,0],[0,0],[0,0],[0,0],[0,0],[0,0]],"v":[[108.22,-158.262],[102.13,163.472],[67.044,141.535],[30.066,160.106],[-5.022,138.169],[-42,156.741],[-77.092,134.803],[-114.076,153.374],[-108.22,-158.262]]}],"t":157},{"i":{"x":0.667,"y":1},"o":{"x":0.167,"y":0},"s":[{"c":false,"i":[[0,0],[0,0],[0,0],[0,0],[0,0],[0,0],[0,0],[0,0],[0,105.565]],"o":[[0,105.565],[0,0],[0,0],[0,0],[0,0],[0,0],[0,0],[0,0],[0,0]],"v":[[108.22,-158.262],[113.249,155.18],[76.593,135.982],[41.139,157.319],[4.481,138.121],[-30.974,159.458],[-67.636,140.26],[-103.096,161.597],[-108.22,-158.262]]}],"t":169},{"s":[{"c":false,"i":[[0,0],[0,0],[0,0],[0,0],[0,0],[0,0],[0,0],[0,0],[0,105.565]],"o":[[0,105.565],[0,0],[0,0],[0,0],[0,0],[0,0],[0,0],[0,0],[0,0]],"v":[[108.22,-158.262],[108.22,158.434],[72.15,138.158],[36.078,158.434],[0.005,138.158],[-36.067,158.434],[-72.144,138.158],[-108.22,158.434],[-108.22,-158.262]]}],"t":181}]},"mn":"ADBE Vector Shape - Group","nm":"Path 5","ty":"sh"},{"hd":false,"ind":5,"ix":6,"ks":{"a":1,"ix":2,"k":[{"i":{"x":0.667,"y":1},"o":{"x":0.333,"y":0},"s":[{"c":false,"i":[[0,0],[0,0]],"o":[[0,0],[0,0]],"v":[[-77.775,-45.216],[67.082,-52.689]]}],"t":40},{"i":{"x":0.667,"y":1},"o":{"x":0.333,"y":0},"s":[{"c":false,"i":[[0,0],[0,0]],"o":[[0,0],[0,0]],"v":[[-72.525,-49.09],[72.525,-49.09]]}],"t":53},{"i":{"x":0.667,"y":1},"o":{"x":0.333,"y":0},"s":[{"c":false,"i":[[0,0],[0,0]],"o":[[0,0],[0,0]],"v":[[-72.525,-49.09],[72.525,-49.09]]}],"t":66},{"i":{"x":0.667,"y":1},"o":{"x":0.333,"y":0},"s":[{"c":false,"i":[[0,0],[0,0]],"o":[[0,0],[0,0]],"v":[[-72.525,-49.09],[72.525,-49.09]]}],"t":79},{"i":{"x":0.667,"y":1},"o":{"x":0.333,"y":0},"s":[{"c":false,"i":[[0,0],[0,0]],"o":[[0,0],[0,0]],"v":[[-72.525,-49.09],[72.525,-49.09]]}],"t":92},{"i":{"x":0.667,"y":1},"o":{"x":0.333,"y":0},"s":[{"c":false,"i":[[0,0],[0,0]],"o":[[0,0],[0,0]],"v":[[-72.525,-49.09],[72.525,-49.09]]}],"t":105},{"i":{"x":0.667,"y":1},"o":{"x":0.333,"y":0},"s":[{"c":false,"i":[[0,0],[0,0]],"o":[[0,0],[0,0]],"v":[[-72.525,-49.09],[72.525,-49.09]]}],"t":118},{"i":{"x":0.667,"y":1},"o":{"x":0.333,"y":0},"s":[{"c":false,"i":[[0,0],[0,0]],"o":[[0,0],[0,0]],"v":[[-72.525,-49.09],[72.525,-49.09]]}],"t":131},{"i":{"x":0.667,"y":1},"o":{"x":0.333,"y":0},"s":[{"c":false,"i":[[0,0],[0,0]],"o":[[0,0],[0,0]],"v":[[-72.525,-49.09],[72.525,-49.09]]}],"t":144},{"i":{"x":0.667,"y":1},"o":{"x":0.333,"y":0},"s":[{"c":false,"i":[[0,0],[0,0]],"o":[[0,0],[0,0]],"v":[[-75.025,-50.09],[70.025,-50.09]]}],"t":157},{"i":{"x":0.667,"y":1},"o":{"x":0.167,"y":0},"s":[{"c":false,"i":[[0,0],[0,0]],"o":[[0,0],[0,0]],"v":[[-71.928,-48.411],[71.417,-51.195]]}],"t":169},{"s":[{"c":false,"i":[[0,0],[0,0]],"o":[[0,0],[0,0]],"v":[[-72.525,-49.09],[72.525,-49.09]]}],"t":181}]},"mn":"ADBE Vector Shape - Group","nm":"Path 6","ty":"sh"},{"bm":0,"c":{"a":0,"ix":3,"k":[0.070588238537,0.074509806931,0.192156866193,1],"x":"var $bm_rt;\n$bm_rt = thisComp.layer('Color  & Stroke Change').effect('Primary')('Color');"},"hd":false,"lc":2,"lj":2,"mn":"ADBE Vector Graphic - Stroke","nm":"Stroke 1","o":{"a":0,"ix":4,"k":100},"ty":"st","w":{"a":0,"ix":5,"k":12,"x":"var $bm_rt;\n$bm_rt = $bm_mul(17.2 / 100, thisComp.layer('Color  & Stroke Change').effect('Stroke')('Slider'));"}},{"a":{"a":0,"ix":1,"k":[0,0]},"nm":"Transform","o":{"a":0,"ix":7,"k":100},"p":{"a":0,"ix":2,"k":[0,0]},"r":{"a":0,"ix":6,"k":0},"s":{"a":0,"ix":3,"k":[100,100]},"sa":{"a":0,"ix":5,"k":0},"sk":{"a":0,"ix":4,"k":0},"ty":"tr"}],"ix":3,"mn":"ADBE Vector Group","nm":"Group 2","np":7,"ty":"gr"}],"sr":1,"st":0,"tt":2,"ty":4},{"ao":0,"bm":0,"ddd":0,"ind":8,"ip":0,"ks":{"a":{"a":0,"ix":1,"k":[0,0.086,0],"l":2},"o":{"a":0,"ix":11,"k":100},"p":{"a":1,"ix":2,"k":[{"i":{"x":0.667,"y":1},"o":{"x":0.167,"y":0.167},"s":[60,60.086,0],"t":29,"ti":[-56.854,-3.085,0],"to":[2.333,50.5,0]},{"i":{"x":0.667,"y":1},"o":{"x":0.333,"y":0},"s":[136.072,183.547,0],"t":42,"ti":[72.512,-2.693,0],"to":[0.13,66.08,0]},{"i":{"x":0.833,"y":0.833},"o":{"x":0.333,"y":0},"s":[20.651,331.096,0],"t":69.928,"ti":[0,-41.443,0],"to":[-0.844,97.349,0]},{"s":[116,637.086,0],"t":97.85546875}],"l":2},"r":{"a":1,"ix":10,"k":[{"i":{"x":[0.667],"y":[1]},"o":{"x":[0.167],"y":[0.167]},"s":[0],"t":29},{"i":{"x":[0.667],"y":[1]},"o":{"x":[0.333],"y":[0]},"s":[-85.121],"t":50.145},{"i":{"x":[0.801],"y":[1.054]},"o":{"x":[0.333],"y":[0]},"s":[-46.681],"t":78.072},{"s":[-27],"t":106}]},"s":{"a":0,"ix":6,"k":[100,100,100],"l":2}},"nm":"outline 10","op":844,"parent":4,"shapes":[{"bm":0,"cix":2,"hd":false,"it":[{"bm":0,"cix":2,"hd":false,"it":[{"hd":false,"ind":0,"ix":1,"ks":{"a":1,"ix":2,"k":[{"i":{"x":0.23,"y":1},"o":{"x":0.167,"y":0.167},"s":[{"c":false,"i":[[0,0],[-8.554,-0.469],[-1.723,0.217],[-3.194,2.644],[-0.099,4.151],[10.873,3.023],[-1.218,11.459],[-5.955,1.931],[-2.373,-0.054],[-4.376,-7.489]],"o":[[5.351,6.749],[1.714,0.09],[4.115,-0.523],[3.194,-2.644],[0.298,-12.434],[-10.241,-2.833],[0.659,-6.217],[2.328,-0.758],[8.698,0.171],[0,0]],"v":[[25.97,63.522],[48.058,74.99],[53.219,74.809],[64.597,70.208],[70.128,59.488],[48.058,41.235],[29.353,23.901],[40.966,10.484],[48.058,9.456],[69.623,22.322]]}],"t":0},{"i":{"x":0.833,"y":0.833},"o":{"x":0.316,"y":0},"s":[{"c":false,"i":[[0,0],[-8.395,-1.378],[-1.737,-0.03],[-3.549,1.732],[-0.71,3.304],[10.314,3.699],[-2.89,9.01],[-6.174,0.84],[-2.34,-0.32],[-3.224,-6.504]],"o":[[4.297,6.029],[1.682,0.276],[4.147,0.072],[3.549,-1.732],[2.127,-9.897],[-9.712,-3.483],[1.568,-4.888],[2.414,-0.328],[8.578,1.173],[0,0]],"v":[[0.593,35.388],[20.749,47.179],[25.881,47.649],[37.813,45.328],[44.864,37.424],[25.725,20.214],[9.78,4.141],[23.243,-5.195],[30.41,-5.172],[49.842,7.674]]}],"t":18},{"i":{"x":0.667,"y":1},"o":{"x":0.167,"y":0.167},"s":[{"c":false,"i":[[0,0],[-8.549,0.605],[-1.676,0.468],[-2.781,3.37],[0.508,4.654],[11.226,1.955],[0.471,12.971],[-5.619,2.938],[-2.36,0.255],[-5.434,-7.807]],"o":[[6.292,6.853],[1.713,-0.121],[4.003,-1.118],[2.781,-3.37],[-1.522,-13.942],[-10.569,-1.841],[-0.256,-7.037],[2.198,-1.149],[8.65,-0.936],[0,0]],"v":[[50.537,103.789],[74.116,113.75],[79.207,112.879],[89.816,106.259],[93.734,93.556],[69.182,76.006],[48.101,59.048],[57.655,42.54],[64.537,40.471],[87.801,52.063]]}],"t":29},{"i":{"x":0.667,"y":1},"o":{"x":0.333,"y":0},"s":[{"c":false,"i":[[0,0],[-8.553,0.481],[-1.689,0.405],[-2.888,2.975],[0.352,4.137],[11.139,1.811],[0.036,11.524],[-5.707,2.573],[-2.364,0.211],[-5.163,-6.97]],"o":[[6.051,6.129],[1.714,-0.096],[4.033,-0.967],[2.888,-2.975],[-1.053,-12.393],[-10.488,-1.705],[-0.02,-6.252],[2.232,-1.006],[8.665,-0.773],[0,0]],"v":[[21.678,67.306],[44.88,76.31],[49.992,75.571],[60.803,69.761],[65.138,58.505],[41.218,42.754],[20.743,27.553],[30.831,12.955],[37.769,11.163],[60.603,21.613]]}],"t":44},{"s":[{"c":false,"i":[[0,0],[-8.554,-0.469],[-1.723,0.217],[-3.194,2.644],[-0.099,4.151],[10.873,3.023],[-1.218,11.459],[-5.955,1.931],[-2.373,-0.054],[-4.376,-7.489]],"o":[[5.351,6.749],[1.714,0.09],[4.115,-0.523],[3.194,-2.644],[0.298,-12.434],[-10.241,-2.833],[0.659,-6.217],[2.328,-0.758],[8.698,0.171],[0,0]],"v":[[25.97,63.522],[48.058,74.99],[53.219,74.809],[64.597,70.208],[70.128,59.488],[48.058,41.235],[29.353,23.901],[40.966,10.484],[48.058,9.456],[69.623,22.322]]}],"t":82}]},"mn":"ADBE Vector Shape - Group","nm":"Path 1","ty":"sh"},{"hd":false,"ind":1,"ix":2,"ks":{"a":1,"ix":2,"k":[{"i":{"x":0.23,"y":1},"o":{"x":0.167,"y":0.167},"s":[{"c":false,"i":[[0,0],[0,0]],"o":[[0,0],[0,0]],"v":[[48.058,9.456],[48.058,-2.545]]}],"t":0},{"i":{"x":0.833,"y":0.833},"o":{"x":0.316,"y":0},"s":[{"c":false,"i":[[0,0],[0,0]],"o":[[0,0],[0,0]],"v":[[30.41,-5.172],[32.179,-14.759]]}],"t":18},{"i":{"x":0.667,"y":1},"o":{"x":0.167,"y":0.167},"s":[{"c":false,"i":[[0,0],[0,0]],"o":[[0,0],[0,0]],"v":[[64.537,40.471],[62.783,27.052]]}],"t":29},{"i":{"x":0.667,"y":1},"o":{"x":0.333,"y":0},"s":[{"c":false,"i":[[0,0],[0,0]],"o":[[0,0],[0,0]],"v":[[37.769,11.163],[36.467,-0.767]]}],"t":44},{"s":[{"c":false,"i":[[0,0],[0,0]],"o":[[0,0],[0,0]],"v":[[48.058,9.456],[48.058,-2.545]]}],"t":82}]},"mn":"ADBE Vector Shape - Group","nm":"Path 2","ty":"sh"},{"hd":false,"ind":2,"ix":3,"ks":{"a":1,"ix":2,"k":[{"i":{"x":0.23,"y":1},"o":{"x":0.167,"y":0.167},"s":[{"c":false,"i":[[0,0],[0,0]],"o":[[0,0],[0,0]],"v":[[48.058,90.546],[48.058,74.99]]}],"t":0},{"i":{"x":0.833,"y":0.833},"o":{"x":0.316,"y":0},"s":[{"c":false,"i":[[0,0],[0,0]],"o":[[0,0],[0,0]],"v":[[18.456,59.606],[20.749,47.179]]}],"t":18},{"i":{"x":0.667,"y":1},"o":{"x":0.167,"y":0.167},"s":[{"c":false,"i":[[0,0],[0,0]],"o":[[0,0],[0,0]],"v":[[76.389,131.144],[74.116,113.75]]}],"t":29},{"i":{"x":0.667,"y":1},"o":{"x":0.333,"y":0},"s":[{"c":false,"i":[[0,0],[0,0]],"o":[[0,0],[0,0]],"v":[[46.568,91.774],[44.88,76.31]]}],"t":44},{"s":[{"c":false,"i":[[0,0],[0,0]],"o":[[0,0],[0,0]],"v":[[48.058,90.546],[48.058,74.99]]}],"t":82}]},"mn":"ADBE Vector Shape - Group","nm":"Path 3","ty":"sh"},{"bm":0,"c":{"a":0,"ix":3,"k":[0.031372550875,0.658823549747,0.541176497936,1],"x":"var $bm_rt;\n$bm_rt = thisComp.layer('Color  & Stroke Change').effect('Secondary')('Color');"},"hd":false,"lc":2,"lj":2,"mn":"ADBE Vector Graphic - Stroke","nm":"Stroke 1","o":{"a":0,"ix":4,"k":100},"ty":"st","w":{"a":0,"ix":5,"k":12,"x":"var $bm_rt;\n$bm_rt = $bm_mul(17.2 / 100, thisComp.layer('Color  & Stroke Change').effect('Stroke')('Slider'));"}},{"a":{"a":0,"ix":1,"k":[0,0]},"nm":"Transform","o":{"a":0,"ix":7,"k":100},"p":{"a":0,"ix":2,"k":[0,0]},"r":{"a":0,"ix":6,"k":0},"s":{"a":0,"ix":3,"k":[100,100]},"sa":{"a":0,"ix":5,"k":0},"sk":{"a":0,"ix":4,"k":0},"ty":"tr"}],"ix":1,"mn":"ADBE Vector Group","nm":"Group 1","np":4,"ty":"gr"},{"a":{"a":0,"ix":1,"k":[0,0]},"nm":"Transform","o":{"a":0,"ix":7,"k":100},"p":{"a":0,"ix":2,"k":[0,0]},"r":{"a":0,"ix":6,"k":0},"s":{"a":0,"ix":3,"k":[100,100]},"sa":{"a":0,"ix":5,"k":0},"sk":{"a":0,"ix":4,"k":0},"ty":"tr"}],"ix":1,"mn":"ADBE Vector Group","nm":"Group 1","np":1,"ty":"gr"},{"bm":0,"cix":2,"hd":false,"it":[{"hd":false,"ind":0,"ix":1,"ks":{"a":1,"ix":2,"k":[{"i":{"x":0.833,"y":0.833},"o":{"x":0.167,"y":0.167},"s":[{"c":false,"i":[[0,0],[0,0],[0,0],[0,0],[0,0],[0,0],[0,0]],"o":[[0,0],[0,0],[0,0],[0,0],[0,0],[0,0],[0,0]],"v":[[108.007,-129.844],[70.723,-147.804],[36.939,-124.732],[-0.347,-142.692],[-34.131,-119.619],[-71.421,-137.579],[-105.21,-114.507]]}],"t":18},{"i":{"x":0.833,"y":0.833},"o":{"x":0.167,"y":0.167},"s":[{"c":false,"i":[[0,0],[0,0],[0,0],[0,0],[0,0],[0,0],[0,0]],"o":[[0,0],[0,0],[0,0],[0,0],[0,0],[0,0],[0,0]],"v":[[108.007,-126.689],[70.723,-146.643],[36.939,-121.01],[-0.347,-140.963],[-34.131,-115.33],[-71.421,-135.283],[-105.21,-109.649]]}],"t":29},{"s":[{"c":false,"i":[[0,0],[0,0],[0,0],[0,0],[0,0],[0,0],[0,0]],"o":[[0,0],[0,0],[0,0],[0,0],[0,0],[0,0],[0,0]],"v":[[108.293,-158.902],[72.335,-182.206],[36.191,-158.97],[0.232,-182.274],[-35.913,-159.039],[-71.877,-182.342],[-108.026,-159.107]]}],"t":44}]},"mn":"ADBE Vector Shape - Group","nm":"Path 5","ty":"sh"},{"bm":0,"c":{"a":0,"ix":3,"k":[0.070588238537,0.074509806931,0.192156866193,1],"x":"var $bm_rt;\n$bm_rt = thisComp.layer('Color  & Stroke Change').effect('Primary')('Color');"},"hd":false,"lc":2,"lj":2,"mn":"ADBE Vector Graphic - Stroke","nm":"Stroke 1","o":{"a":0,"ix":4,"k":100},"ty":"st","w":{"a":0,"ix":5,"k":12,"x":"var $bm_rt;\n$bm_rt = $bm_mul(17.2 / 100, thisComp.layer('Color  & Stroke Change').effect('Stroke')('Slider'));"}},{"a":{"a":0,"ix":1,"k":[0,0]},"nm":"Transform","o":{"a":1,"ix":7,"k":[{"h":1,"s":[0],"t":18},{"h":1,"s":[100],"t":29}]},"p":{"a":0,"ix":2,"k":[0,0]},"r":{"a":0,"ix":6,"k":0},"s":{"a":0,"ix":3,"k":[100,100]},"sa":{"a":0,"ix":5,"k":0},"sk":{"a":0,"ix":4,"k":0},"ty":"tr"}],"ix":2,"mn":"ADBE Vector Group","nm":"Group 3","np":2,"ty":"gr"},{"bm":0,"cix":2,"hd":false,"it":[{"hd":false,"ind":0,"ix":1,"ks":{"a":1,"ix":2,"k":[{"i":{"x":0.23,"y":1},"o":{"x":0.167,"y":0.167},"s":[{"c":false,"i":[[0,0],[0,0]],"o":[[0,0],[0,0]],"v":[[-72.525,90.546],[-9.5,90.546]]}],"t":0},{"i":{"x":0.833,"y":0.833},"o":{"x":0.316,"y":0},"s":[{"c":false,"i":[[0,0],[0,0]],"o":[[0,0],[0,0]],"v":[[-100.81,45.249],[-38.473,52.753]]}],"t":18},{"i":{"x":0.667,"y":1},"o":{"x":0.167,"y":0.167},"s":[{"c":false,"i":[[0,0],[0,0]],"o":[[0,0],[0,0]],"v":[[-43.177,146.773],[19.316,138.604]]}],"t":29},{"i":{"x":0.667,"y":1},"o":{"x":0.333,"y":0},"s":[{"c":false,"i":[[0,0],[0,0]],"o":[[0,0],[0,0]],"v":[[-72.525,90.546],[-9.5,90.546]]}],"t":44},{"s":[{"c":false,"i":[[0,0],[0,0]],"o":[[0,0],[0,0]],"v":[[-72.525,90.546],[-9.5,90.546]]}],"t":82}]},"mn":"ADBE Vector Shape - Group","nm":"Path 1","ty":"sh"},{"hd":false,"ind":1,"ix":2,"ks":{"a":1,"ix":2,"k":[{"i":{"x":0.23,"y":1},"o":{"x":0.167,"y":0.167},"s":[{"c":false,"i":[[0,0],[0,0]],"o":[[0,0],[0,0]],"v":[[-72.525,44],[-9.5,44]]}],"t":0},{"i":{"x":0.833,"y":0.833},"o":{"x":0.316,"y":0},"s":[{"c":false,"i":[[0,0],[0,0]],"o":[[0,0],[0,0]],"v":[[-93.948,8.067],[-31.612,13.955]]}],"t":18},{"i":{"x":0.667,"y":1},"o":{"x":0.167,"y":0.167},"s":[{"c":false,"i":[[0,0],[0,0]],"o":[[0,0],[0,0]],"v":[[-49.98,94.727],[12.513,86.558]]}],"t":29},{"i":{"x":0.667,"y":1},"o":{"x":0.333,"y":0},"s":[{"c":false,"i":[[0,0],[0,0]],"o":[[0,0],[0,0]],"v":[[-81.494,44.894],[-18.47,44.894]]}],"t":44},{"s":[{"c":false,"i":[[0,0],[0,0]],"o":[[0,0],[0,0]],"v":[[-72.525,44],[-9.5,44]]}],"t":82}]},"mn":"ADBE Vector Shape - Group","nm":"Path 2","ty":"sh"},{"hd":false,"ind":2,"ix":3,"ks":{"a":1,"ix":2,"k":[{"i":{"x":0.23,"y":1},"o":{"x":0.167,"y":0.167},"s":[{"c":false,"i":[[0,0],[0,0]],"o":[[0,0],[0,0]],"v":[[-72.525,-114.062],[-9.5,-114.062]]}],"t":0},{"i":{"x":0.833,"y":0.833},"o":{"x":0.316,"y":0},"s":[{"c":false,"i":[[0,0],[0,0]],"o":[[0,0],[0,0]],"v":[[-70.649,-114.16],[-8.312,-110.695]]}],"t":18},{"i":{"x":0.667,"y":1},"o":{"x":0.167,"y":0.167},"s":[{"c":false,"i":[[0,0],[0,0]],"o":[[0,0],[0,0]],"v":[[-73.082,-82.016],[-10.589,-90.184]]}],"t":29},{"i":{"x":0.667,"y":1},"o":{"x":0.333,"y":0},"s":[{"c":false,"i":[[0,0],[0,0]],"o":[[0,0],[0,0]],"v":[[-82.91,-105.279],[-19.886,-105.279]]}],"t":44},{"s":[{"c":false,"i":[[0,0],[0,0]],"o":[[0,0],[0,0]],"v":[[-72.525,-114.062],[-9.5,-114.062]]}],"t":82}]},"mn":"ADBE Vector Shape - Group","nm":"Path 3","ty":"sh"},{"hd":false,"ind":3,"ix":4,"ks":{"a":1,"ix":2,"k":[{"i":{"x":0.23,"y":1},"o":{"x":0.167,"y":0.167},"s":[{"c":false,"i":[[0,0],[0,0]],"o":[[0,0],[0,0]],"v":[[-72.525,-2.545],[-9.5,-2.545]]}],"t":0},{"i":{"x":0.833,"y":0.833},"o":{"x":0.316,"y":0},"s":[{"c":false,"i":[[0,0],[0,0]],"o":[[0,0],[0,0]],"v":[[-87.087,-29.115],[-24.751,-24.034]]}],"t":18},{"i":{"x":0.667,"y":1},"o":{"x":0.167,"y":0.167},"s":[{"c":false,"i":[[0,0],[0,0]],"o":[[0,0],[0,0]],"v":[[-56.783,42.681],[5.71,34.512]]}],"t":29},{"i":{"x":0.667,"y":1},"o":{"x":0.333,"y":0},"s":[{"c":false,"i":[[0,0],[0,0]],"o":[[0,0],[0,0]],"v":[[-84.527,-1.879],[-21.503,-1.879]]}],"t":44},{"s":[{"c":false,"i":[[0,0],[0,0]],"o":[[0,0],[0,0]],"v":[[-72.525,-2.545],[-9.5,-2.545]]}],"t":82}]},"mn":"ADBE Vector Shape - Group","nm":"Path 4","ty":"sh"},{"hd":false,"ind":4,"ix":5,"ks":{"a":1,"ix":2,"k":[{"i":{"x":0.23,"y":1},"o":{"x":0.167,"y":0.167},"s":[{"c":false,"i":[[0,0],[0,0],[0,0],[0,0],[0,0],[0,0],[0,0],[0,0],[0,105.565]],"o":[[0,105.565],[0,0],[0,0],[0,0],[0,0],[0,0],[0,0],[0,0],[0,0]],"v":[[108.22,-158.262],[108.22,158.434],[72.15,138.158],[36.078,158.434],[0.005,138.158],[-36.067,158.434],[-72.144,138.158],[-108.22,158.434],[-108.22,-158.262]]}],"t":0},{"i":{"x":0.833,"y":0.833},"o":{"x":0.316,"y":0},"s":[{"c":false,"i":[[0,0],[0,0],[0,0],[0,0],[0,0],[0,0],[0,0],[0,0],[0,95.018]],"o":[[0.78,149.65],[0,0],[0,0],[0,0],[0,0],[0,0],[0,0],[0,0],[0,0]],"v":[[108.22,-158.262],[67.954,121],[35.266,100.508],[-3.4,112.411],[-36.09,91.919],[-74.757,103.822],[-107.451,83.329],[-146.122,95.231],[-108.22,-158.262]]}],"t":18},{"i":{"x":0.833,"y":0.833},"o":{"x":0.167,"y":0.167},"s":[{"c":false,"i":[[0,0],[0,0],[0,0],[0,0],[0,0],[0,0],[0,0],[0,0],[0,105.565]],"o":[[0.084,112.085],[0,0],[0,0],[0,0],[0,0],[0,0],[0,0],[0,0],[0,0]],"v":[[108.22,-158.262],[137.587,194.182],[99.506,175.673],[66.073,201.504],[27.99,182.994],[-5.444,208.825],[-43.531,190.316],[-76.97,216.147],[-108.22,-158.262]]}],"t":28},{"i":{"x":0.667,"y":1},"o":{"x":0.167,"y":0.167},"s":[{"c":false,"i":[[0,0],[0,0],[0,0],[0,0],[0,0],[0,0],[0,0],[0,0],[0,105.565]],"o":[[0,105.565],[0,0],[0,0],[0,0],[0,0],[0,0],[0,0],[0,0],[0,0]],"v":[[108.72,-125.262],[145.967,199.259],[107.237,181.261],[74.433,208.609],[35.701,190.612],[2.897,217.96],[-35.839,199.963],[-68.648,227.312],[-106.22,-108.262]]}],"t":29},{"i":{"x":0.667,"y":1},"o":{"x":0.333,"y":0},"s":[{"c":false,"i":[[0,0],[0,0],[0,0],[0,0],[0,0],[0,0],[0,0],[0,0],[-43.613,191.367]],"o":[[-56.855,84.606],[0,0],[0,0],[0,0],[0,0],[0,0],[0,0],[0,0],[0,0]],"v":[[108.22,-158.262],[108.22,158.434],[76.774,138.158],[45.327,158.434],[13.878,138.158],[-17.569,158.434],[-49.021,138.158],[-80.473,158.434],[-108.22,-158.262]]}],"t":44},{"s":[{"c":false,"i":[[0,0],[0,0],[0,0],[0,0],[0,0],[0,0],[0,0],[0,0],[68.503,124.222]],"o":[[72.418,136.35],[0,0],[0,0],[0,0],[0,0],[0,0],[0,0],[0,0],[0,0]],"v":[[108.22,-158.262],[108.22,158.434],[72.15,138.158],[36.078,158.434],[0.005,138.158],[-36.067,158.434],[-72.144,138.158],[-108.22,158.434],[-108.22,-158.262]]}],"t":82}]},"mn":"ADBE Vector Shape - Group","nm":"Path 5","ty":"sh"},{"hd":false,"ind":5,"ix":6,"ks":{"a":1,"ix":2,"k":[{"i":{"x":0.23,"y":1},"o":{"x":0.167,"y":0.167},"s":[{"c":false,"i":[[0,0],[0,0]],"o":[[0,0],[0,0]],"v":[[-72.525,-49.09],[72.525,-49.09]]}],"t":0},{"i":{"x":0.833,"y":0.833},"o":{"x":0.316,"y":0},"s":[{"c":false,"i":[[0,0],[0,0]],"o":[[0,0],[0,0]],"v":[[-80.226,-65.489],[63.24,-50.643]]}],"t":18},{"i":{"x":0.667,"y":1},"o":{"x":0.167,"y":0.167},"s":[{"c":false,"i":[[0,0],[0,0]],"o":[[0,0],[0,0]],"v":[[-63.586,-9.366],[80.24,-28.166]]}],"t":29},{"i":{"x":0.667,"y":1},"o":{"x":0.333,"y":0},"s":[{"c":false,"i":[[0,0],[0,0]],"o":[[0,0],[0,0]],"v":[[-85.38,-49.148],[59.67,-49.148]]}],"t":44},{"s":[{"c":false,"i":[[0,0],[0,0]],"o":[[0,0],[0,0]],"v":[[-72.525,-49.09],[72.525,-49.09]]}],"t":82}]},"mn":"ADBE Vector Shape - Group","nm":"Path 6","ty":"sh"},{"bm":0,"c":{"a":0,"ix":3,"k":[0.070588238537,0.074509806931,0.192156866193,1],"x":"var $bm_rt;\n$bm_rt = thisComp.layer('Color  & Stroke Change').effect('Primary')('Color');"},"hd":false,"lc":2,"lj":2,"mn":"ADBE Vector Graphic - Stroke","nm":"Stroke 1","o":{"a":0,"ix":4,"k":100},"ty":"st","w":{"a":0,"ix":5,"k":12,"x":"var $bm_rt;\n$bm_rt = $bm_mul(17.2 / 100, thisComp.layer('Color  & Stroke Change').effect('Stroke')('Slider'));"}},{"a":{"a":0,"ix":1,"k":[0,0]},"nm":"Transform","o":{"a":0,"ix":7,"k":100},"p":{"a":0,"ix":2,"k":[0,0]},"r":{"a":0,"ix":6,"k":0},"s":{"a":0,"ix":3,"k":[100,100]},"sa":{"a":0,"ix":5,"k":0},"sk":{"a":0,"ix":4,"k":0},"ty":"tr"}],"ix":3,"mn":"ADBE Vector Group","nm":"Group 2","np":7,"ty":"gr"}],"sr":1,"st":0,"ty":4}],"markers":[],"nm":"755-invoice-receipt-validating-ticket-outline","op":206,"v":"5.7.6","w":500}